,Date,Z1,Z2,Z3,Z4,Z5,Z_Composite,phase
0,1993-02-28,-0.9727891552664791,0.9769280653074413,0.7784672726425742,-0.25789886452701544,1.0390833066431624,0.31275812495993666,slowdown
1,1993-03-31,-0.99374967304395,0.9144002373880311,0.582039166631411,-0.06858995636116726,0.6563826397252074,0.21809648286790642,slowdown
2,1993-04-30,-0.9374170995456343,0.9148129286422156,0.33294376693534167,-0.1450746477337441,-0.009794875842885131,0.031094014491058742,slowdown
3,1993-05-31,-0.8918647146379106,0.2596090035077929,0.831872359816472,-0.15536386656646578,0.17594783135109007,0.044040122694195716,expansion
4,1993-06-30,-0.8803115997224108,0.42528960762433926,0.7297636794765784,-0.0,-0.13684117412839836,0.02758010265002171,slowdown
5,1993-07-31,-0.5005657266847722,-0.10261274862114968,0.9964925328795864,0.19321263188194568,-0.01962106996199669,0.1133811238987227,expansion
6,1993-08-31,0.07429510239363413,-0.06842885946695093,1.0064009467688164,0.42594837362203036,0.04931537795297671,0.29750618825410136,expansion
7,1993-09-30,0.6920183969611187,-0.02753749194665258,0.949407763119744,0.6936134776353383,0.030002133560914152,0.4675008558660925,expansion
8,1993-10-31,1.3957250976300446,0.6362473403661025,0.7143165306178183,0.5149286505444377,0.5397568575571104,0.7601948953431027,expansion
9,1993-11-30,1.8463530828343055,0.37064125888017474,1.0615712023495123,1.0866834749343577,0.5935963778671085,0.9917690793730918,expansion
10,1993-12-31,2.2580523072401983,1.3187268039555589,1.273846381497685,1.3991048592435225,0.8215349189659986,1.4142530541805924,expansion
11,1994-01-31,2.5938976044025854,2.1377168064550345,1.641816765826768,1.1498437322542612,0.8111935763574184,1.6668936970592134,expansion
12,1994-02-28,2.6963473919810133,1.8574325472082696,1.5531153284651709,1.1498437322542612,1.0014827631215517,1.6516443526060534,slowdown
13,1994-03-31,2.6653273805831774,1.5689313399511529,0.8087725501532972,1.394993209388869,1.1877031558828544,1.5251455271918701,slowdown
14,1994-04-30,2.610400610328706,1.6616375311070437,0.6311953541749423,1.6181263697593993,1.3890507422075482,1.5820821215155279,expansion
15,1994-05-31,2.5809484496417423,1.5576656963412663,1.4374241863662744,2.2282221007560548,1.7126403352469333,1.903380153670454,expansion
16,1994-06-30,2.557167379488075,1.3081545253422775,1.546729391010296,2.076923076923078,1.8248536240649933,1.8627655993657437,slowdown
17,1994-07-31,2.538901639846707,1.0030801485982697,1.4564123320226927,1.9616271301204786,1.6337356775357628,1.7187513856247822,slowdown
18,1994-08-31,2.4940424800491092,1.326549694303932,1.9282293126685157,2.0473438320094317,1.407872287194282,1.840807521245054,expansion
19,1994-09-30,2.3924160209378376,1.2755339538800894,1.7660477526216471,2.1126085188927832,1.6616533313727289,1.8416519155410174,expansion
20,1994-10-31,2.2283902135420943,1.3071041959786107,1.5844661140279368,2.16202707851013,1.6825554060866688,1.7929086016290883,slowdown
21,1994-11-30,2.0026486962271894,0.9628590321728535,1.055037147177158,2.3454643222459444,1.563432061449323,1.585888251854494,slowdown
22,1994-12-31,1.7042148018346097,1.2551960323207487,0.22315474634794577,2.2828883722410334,0.6402479808095461,1.2211403867107766,slowdown
23,1995-01-31,1.356843736837136,1.5875512960143872,0.15841092887167854,1.8879396452004538,0.9981800246413027,1.1977851263129917,slowdown
24,1995-02-28,1.0071055237368154,1.2432114394880276,1.1006155207335817,2.022147428322838,0.083650426535263,1.0913460677633051,slowdown
25,1995-03-31,0.6831201451518749,0.4166121197858942,1.4292319016545738,1.883139040982368,-0.8446010836314484,0.7135004247886526,slowdown
26,1995-04-30,0.3144781943211866,0.5676381706693286,1.446378857205766,1.1801527147843254,-1.03433055629219,0.49486347613768333,slowdown
27,1995-05-31,0.03198739411680649,0.09593196747189396,1.2331342014242883,1.3879903213789497,-2.221839495634601,0.10544087775146749,slowdown
28,1995-06-30,-0.018593610522285524,0.4663560894183681,1.0485527330106852,1.414898718914279,-2.2685475735405674,0.12853327145609583,expansion
29,1995-07-31,-0.006007770468567113,0.6579134014911759,0.9008607370203522,1.2332169055969784,-0.9073038977339037,0.3757358751812071,expansion
30,1995-08-31,0.0144971571058441,0.8594125453383944,0.7666490749208408,1.1907229842080467,-1.808703992142472,0.20451555388613074,slowdown
31,1995-09-30,0.007723430610203463,-0.2874774322311326,0.9063760948385895,1.3023092527012792,-1.5232142859606854,0.08114341199165082,slowdown
32,1995-10-31,-0.005211814708872526,-0.08180016694759513,-0.34917709699029426,1.159644165321386,-1.8203094462678613,-0.21937087191864743,contraction
33,1995-11-30,-0.032058560807511335,-0.44819977593291627,-0.018136236169859325,0.7954134611095316,-1.921380486141525,-0.324872319588456,contraction
34,1995-12-31,-0.065059605455245,0.06402853941898692,-0.08960072204382416,0.8255084339089631,-1.6992292119320056,-0.19287051322062496,recovery
35,1996-01-31,-0.08946561578060087,-0.24696722347324085,-0.0643997880032405,0.7714285714285716,-1.748411359030241,-0.27556308297175036,contraction
36,1996-02-29,-0.0824553929685204,-0.3944494624740215,0.34536803714912134,0.7896125721359903,-1.463917761078621,-0.1611684014472102,recovery
37,1996-03-31,-0.037829493270752135,0.4750920401843189,-0.0890086699509402,0.6277512972320087,-1.0259735328003172,-0.00999367172113641,recovery
38,1996-04-30,0.015114199873382025,0.24721555183503274,-0.06374007370360048,0.3747752440751763,-0.5218284027167573,0.010307303872646653,expansion
39,1996-05-31,0.04472175358816687,-0.37319509612176693,1.1793787925186687,0.2969610921611772,-0.5601742420566673,0.11753846001791571,expansion
40,1996-06-30,0.08169046136028436,0.17850455908669838,0.1988765242261053,0.8222402386329467,0.17714204381978205,0.29169076542516337,expansion
41,1996-07-31,0.11939822819279437,0.6898389121358152,-0.008521511042568793,0.3242592887498232,-0.6346027964984201,0.09807442430748878,slowdown
42,1996-08-31,0.15798156898927565,0.9080653175056295,0.9018670352661389,1.1001068727159908,-0.2396528525179266,0.5656735883918217,expansion
43,1996-09-30,0.22632179204124214,0.7879327025260571,1.414301223056492,0.9030144074276109,-0.34405810304472456,0.5975024044013355,expansion
44,1996-10-31,0.2661546182413549,1.3072426581562755,0.6575876013349364,0.9516832796355391,-0.2809053499513007,0.580352561483361,slowdown
45,1996-11-30,0.28110289413564754,2.4238865567066084,-0.22777259450902254,0.5010574123896219,0.23950579426768157,0.6435560125981074,expansion
46,1996-12-31,0.35147250737643915,1.5508798054776678,-0.658582038858937,0.5260036519808883,0.6987055818932493,0.49369590157386156,slowdown
47,1997-01-31,0.49354292437667197,1.6732125259675192,-0.4202296118251546,0.8496888228580032,0.40947727464186773,0.6011383872037815,expansion
48,1997-02-28,0.666833012047145,2.301373123512847,0.5677693972603475,1.2390714868067165,0.26527458607013354,1.008064321139438,expansion
49,1997-03-31,0.8604135380773951,2.2341597277190006,-0.4506040299844712,1.3627316621050012,0.41901170285292627,0.8851425201539703,slowdown
50,1997-04-30,1.066198171557229,2.458625887155125,-0.8175725512944426,1.852497335382982,0.40424183393974783,0.9927981353481283,expansion
51,1997-05-31,1.2692424739714205,2.698709098394943,-1.6114271629910366,2.368332324253389,0.9424168190443222,1.1334547105346076,expansion
52,1997-06-30,1.4671942868635228,2.654610871114177,-1.8482368060787138,1.857665267317763,0.6950053743993277,0.9652477987232153,slowdown
53,1997-07-31,1.6418436543789006,2.7864647692243567,-1.0249914359504326,2.2590950292174745,1.3428900396296737,1.4010604112999947,expansion
54,1997-08-31,1.767652644537416,1.9981965283737921,-1.7957113496648802,2.5871622484039065,1.0354974924539728,1.1185595128208414,slowdown
55,1997-09-30,1.837760200028362,2.163999584524558,-2.288122114541504,2.2103902540950844,0.495490122842077,0.8839036093897155,slowdown
56,1997-10-31,1.8113253576474122,1.9560862830205392,-3.0,2.6222880625943823,1.1355493865765331,0.9050498179677734,expansion
57,1997-11-30,1.676640117521284,2.1062616288185594,-3.0,2.580815678175147,0.997814040557369,0.8723062930144718,slowdown
58,1997-12-31,1.4554847397445958,1.1844012550271636,-3.0,2.146259862168636,0.694873071018098,0.4962037855916988,slowdown
59,1998-01-31,1.195480287959032,1.8784914936880863,-2.878737631777087,2.3308504834684545,0.5269465373816475,0.6106062341440266,expansion
60,1998-02-28,0.9312315849320284,2.2601317643609846,-2.1203663963840262,2.0771478354254076,0.28720350198454603,0.6870696580637881,expansion
61,1998-03-31,0.5913058522331291,1.5465167904402333,-2.005279399669432,1.6119967293842032,0.17744989898667335,0.38439797427496136,slowdown
62,1998-04-30,0.15378721905980905,1.7740499588727063,-2.583630395608361,2.425390752883883,-0.09548453704410909,0.33482259963278566,slowdown
63,1998-05-31,-0.19533556961990117,1.382460815359097,-1.4211938591639623,1.9624440834450672,-0.46122505497440824,0.2534300830091785,slowdown
64,1998-06-30,-0.6035373089454192,1.0743762475680114,-1.9626520152445819,1.6842786903761977,-1.0499460165485095,-0.1714960805588603,contraction
65,1998-07-31,-1.0375075210038271,0.8412256002359444,-2.259486268261679,1.6768982114567395,-0.958129428302319,-0.3473998811750283,contraction
66,1998-08-31,-1.4358817343926156,0.6619143144218594,-3.0,1.560535132369523,-0.9461615350401335,-0.6319187645282733,contraction
67,1998-09-30,-1.7067905369915508,0.06773713824822374,-3.0,1.2087344460380707,-1.126131239236811,-0.9112900383884135,contraction
68,1998-10-31,-1.7837586951715088,-0.4723113494658037,-3.0,1.3228756555322951,-1.148610575440283,-1.01636099290906,contraction
69,1998-11-30,-1.6549945083568116,0.2517149365935363,-2.643883787367003,1.322875655532295,-1.3347813267028628,-0.8118138060601692,recovery
70,1998-12-31,-1.374872288857933,-0.10921422323917193,-2.2987123505449842,1.210645134439088,-1.7795505624554298,-0.870340858131686,contraction
71,1999-01-31,-0.9894984497182739,0.37998117700109474,-2.3594000557218684,1.4585199352235312,-0.6382322457960591,-0.42972592780231506,recovery
72,1999-02-28,-0.5576533567025818,1.0618813921193104,-2.063780611076673,1.1044815607660843,-0.295462972225561,-0.15010679742388425,recovery
73,1999-03-31,-0.12062352618424928,0.5242837694817067,-1.593592878990666,1.3453308145999938,-0.09134762473321112,0.012810110834714832,expansion
74,1999-04-30,0.21213317362171172,0.2088221180125643,-1.3815872081659555,1.0058041115839442,-0.13009301921096417,-0.016984164831739913,contraction
75,1999-05-31,0.5686012466492013,0.5773034040173798,-0.839660386389653,1.2931858264194496,0.5278281585066317,0.42545164984060185,expansion
76,1999-06-30,0.8774436230759649,0.6729242125090651,-0.7436320175047705,0.9125261242794364,1.072352295670052,0.5583228476059496,expansion
77,1999-07-31,1.1537255670850683,0.37855455838793567,-0.7587475526004989,0.8155860876411658,0.24379966291370955,0.3665836646854761,slowdown
78,1999-08-31,1.4023000973569997,0.0,-0.9767330358111611,1.0775387108793475,0.6519497447121181,0.4310111034274608,expansion
79,1999-09-30,1.568444664032655,0.7372925221297538,-1.1829907346015798,1.0837987920778878,1.3215564383785805,0.7056203364034594,expansion
80,1999-10-31,1.6765777393510928,-0.40108447367902583,-1.1937435118365447,1.2212319716751487,1.2578960898159939,0.512175563065333,slowdown
81,1999-11-30,1.7681996725224158,0.69762892596263,-1.008275864716865,1.1297580609817652,1.4774618857088486,0.8129545360917589,expansion
82,1999-12-31,1.851783125843743,0.03283723946443874,-0.8297650558976789,1.4735554104500597,1.3386959620297145,0.7734213363780554,slowdown
83,2000-01-31,1.8354128789607582,2.139774304240485,-0.6317577558120478,1.5316149986277388,0.9584802300583435,1.1667049312150555,expansion
84,2000-02-29,1.7334639891732209,1.851284011172449,-0.3379370910882242,1.1224514026241683,0.6443094149766041,1.0027143453716436,slowdown
85,2000-03-31,1.5850359223186776,0.49053218136657745,-1.2973157865427782,1.3462765938269226,0.33727227367336177,0.49236023692855224,slowdown
86,2000-04-30,1.4214875577666362,1.141660108200712,-1.3581238406074128,2.032522457682476,0.19231799420436066,0.6859728554493544,expansion
87,2000-05-31,1.281992652960077,1.5577176387215128,-1.3274218981972465,1.3737213553911853,-0.2105034186491452,0.5351012660452767,slowdown
88,2000-06-30,1.1192695437926463,0.0664760703365288,-1.5601154734479727,1.2547979935800175,-0.7432037182905767,0.027444883194128605,slowdown
89,2000-07-31,0.940425696592233,0.69347509411314,-0.5883763091859819,1.1124077017019254,-0.29958354075707955,0.37166972849284735,expansion
90,2000-08-31,0.7350966847013455,0.28114780901374997,-0.3715426124066864,0.7675474996581283,-1.0489557266021072,0.07265873087288602,slowdown
91,2000-09-30,0.4847726460139451,0.09914946752363987,-0.7177160896592131,1.5999999999999996,-1.0498899800629504,0.08326320876308424,expansion
92,2000-10-31,0.1731145732784167,-0.23140573640124465,-0.9048672832028247,1.6115005972485301,-1.3056376172299884,-0.13145909326142213,contraction
93,2000-11-30,-0.12521970369163754,0.3630498618395404,-1.0706182499442076,1.4056338255793732,-1.2764810902357673,-0.1407270712905398,contraction
94,2000-12-31,-0.435638938344204,-2.510741721726157,-1.5683825437980377,1.2329262908243546,-2.495927233916222,-1.1555528293920532,contraction
95,2001-01-31,-0.783173941513606,-2.999999999999999,-1.3067269767845937,-0.0,-2.653381253737907,-1.5486564344072211,contraction
96,2001-02-28,-1.1139600688384872,-3.0,-0.5089903912973052,-0.0,-2.413789574126139,-1.4073480068523863,recovery
97,2001-03-31,-1.352623958388849,-2.9061103778088286,-0.752092295442467,-0.4769033687286046,-1.961274923767528,-1.4898009848272555,contraction
98,2001-04-30,-1.5047618502085343,-2.999999999999999,-0.5739508456875685,-0.9443926851673297,-1.8632367896680855,-1.5772684341463035,contraction
99,2001-05-31,-1.5921373286059397,-2.298816229562552,0.34513668226036875,-0.47690336872860456,-2.014362881408814,-1.2074166252091083,recovery
100,2001-06-30,-1.6562408512273366,-2.085135441831572,0.47735032737121486,-1.4307101061858178,-1.569714702731946,-1.2528901549210916,contraction
101,2001-07-31,-1.7085160457769604,-2.0341269875197154,0.7841249235751957,-1.8651705249504882,-1.4695859120472694,-1.2586549093438477,contraction
102,2001-08-31,-1.7473650101207165,-2.0851770274162114,0.7528354729190876,-2.922834905606138,-0.9132012717071536,-1.3831485483862265,contraction
103,2001-09-30,-1.7569886410332347,-3.000000000000001,-0.6207616305143488,-2.9999999999999987,-0.9255213309204352,-1.860654320493604,contraction
104,2001-10-31,-1.6974764359431849,-2.782372421612508,-1.277763919354769,-3.0,-1.8830226775244983,-2.128127090886992,contraction
105,2001-11-30,-1.557647935865554,-2.4798856694218188,0.4701517565274634,-3.0000000000000013,-1.2546772988748294,-1.5644118295269482,recovery
106,2001-12-31,-1.3554702476553364,-1.8669826069694913,0.7363167364803537,-3.0000000000000004,-1.0308336312025317,-1.3033939498694012,recovery
107,2002-01-31,-1.1274212038102345,-1.38666904957901,0.7749563226187428,-2.969657109247127,-0.5683442216774001,-1.0554270523390057,recovery
108,2002-02-28,-0.9077203455756082,-1.5711280487468593,0.987826555441987,-2.7116307227332017,0.07226485601054078,-0.8260775411206283,recovery
109,2002-03-31,-0.7388623137981412,-0.9748476557013618,1.160668753871916,-2.5254324922935893,0.379390494055334,-0.5398166427731685,recovery
110,2002-04-30,-0.6593794535949875,-1.1910613557598915,0.8661116735302463,-2.6469982687042126,0.37929986635931395,-0.6504055076339064,contraction
111,2002-05-31,-0.545390708512543,-0.43180859652062453,1.398763579307364,-2.361782629541142,0.507969721924812,-0.2864497266684267,recovery
112,2002-06-30,-0.35279368379592396,-0.5838382175939097,0.24135500963648218,-2.2557347411907367,0.6049370956805961,-0.46921490745269845,contraction
113,2002-07-31,-0.31304270901013537,-0.9033304919630181,-0.9768066302304894,-2.1698903098258118,0.027701612125959247,-0.8670737057806991,contraction
114,2002-08-31,-0.420510561482884,-0.8274783991189096,-0.4466553847665582,-1.916945376398923,0.04679160274849899,-0.7129596238037552,recovery
115,2002-09-30,-0.5325603166013007,-0.8384593176472211,-1.3459920762734827,-1.8118675076747444,0.08672381418272249,-0.8884310808028053,contraction
116,2002-10-31,-0.6120788852826982,-1.2931895346812619,-1.3647419495682143,-1.7213571655040527,-0.15971914124998438,-1.0302173352572424,contraction
117,2002-11-30,-0.6742766260274063,-0.893032731600126,0.21074202635092076,-1.8113884396690976,-0.17843377767031313,-0.6692779097232046,recovery
118,2002-12-31,-0.7239724241708866,-0.603403914639002,0.828116049196622,-1.7803471328163816,0.4960741603364887,-0.3567066524186319,recovery
119,2003-01-31,-0.7893547332607648,-1.0613943040149731,1.0911987459237449,-1.2847972828381273,0.4486503900279189,-0.3191394368324403,recovery
120,2003-02-28,-0.8209541470062306,-1.324274234220574,1.23922269369529,-1.1540731734716752,-0.024026286781339452,-0.4168210295569059,contraction
121,2003-03-31,-0.7947254830796217,-1.5086033182838552,1.1179925603004002,-0.9116177133059505,-0.610103033157855,-0.5414113975053765,contraction
122,2003-04-30,-0.7382718170225657,-0.6096540372972944,1.6151303768639342,-0.737132064099327,-0.6474493667633608,-0.2234753816637228,recovery
123,2003-05-31,-0.5695138936164635,0.0709823463295365,1.9996570757884715,-0.6155944169427594,0.10650578598889261,0.19840737950953558,expansion
124,2003-06-30,-0.274084736188109,-0.17330721726779447,1.9887565426133202,-0.7375916558484115,0.10784820109834169,0.1823242268814694,slowdown
125,2003-07-31,0.050462103751362314,0.013269660666088052,1.9597213178963038,-0.6204161295542184,0.6556185826751152,0.41173110708693017,expansion
126,2003-08-31,0.5084870871097518,-0.1931225794783326,1.9598444179365666,-0.503268376961247,1.2232853206947933,0.5990451738603064,expansion
127,2003-09-30,1.1136873457585132,-0.3824441246904042,2.0585708618355367,-0.5197637674251235,0.9926135955407781,0.65253278220386,expansion
128,2003-10-31,1.7993131011482972,-0.008634770754170526,1.9343592214826206,-0.40771233681934055,1.6282047376939115,0.9891059905502635,expansion
129,2003-11-30,2.377299950138061,0.8196863348922374,1.9454014915735611,-0.14455763066790087,2.166409270894429,1.4328478833660774,expansion
130,2003-12-31,2.6857604469869343,0.6257604488608122,1.946484766074757,-0.0,2.3382012334006217,1.519241379064625,expansion
131,2004-01-31,2.746751733724463,2.6941925445098005,1.8237162594614515,-0.0,2.3446955419214057,1.9218712159234241,expansion
132,2004-02-29,2.6666645719191773,0.8926213094829504,1.9109578512455774,0.1808340180899886,1.9844151944319512,1.5270985890339288,slowdown
133,2004-03-31,2.5328952436801937,1.1341873613670166,1.656469924388839,-0.09842529371362223,1.9257167608663963,1.4301687993177647,slowdown
134,2004-04-30,2.3787429438700256,0.72980728015736,1.4876913024302623,0.3243495220264267,1.857021184217229,1.3555224465402607,slowdown
135,2004-05-31,2.138135874756275,0.04574388158341808,1.5160040442956235,0.3753445964293057,1.9504903553173187,1.2051437504763882,slowdown
136,2004-06-30,1.9438044691214458,1.0202785544487183,1.6018057491279574,0.4365494513808738,1.7314764953842066,1.3467829438926404,expansion
137,2004-07-31,1.708607069937524,1.1952038496219632,1.4511575163113901,0.8700535472289394,1.5750155702308848,1.3600075106661405,expansion
138,2004-08-31,1.5034115725460329,1.0372014890891195,1.295738875736819,1.3713068424464114,1.2677008015574465,1.2950719162751658,slowdown
139,2004-09-30,1.4166410404527363,0.6675154099618312,1.2013696176104045,1.5339153632007894,0.979487044934728,1.159785695232098,slowdown
140,2004-10-31,1.274851172294751,0.16426925337479967,0.8155161405669792,1.144499995422,0.7583324718878988,0.8314938067092857,slowdown
141,2004-11-30,1.1348636240665642,0.27878313579050984,0.7040782844095141,1.57137039784121,0.7722916892692249,0.8922774262754046,expansion
142,2004-12-31,1.025359246542555,0.9490199118564507,0.8177434537662547,1.5132942037756592,0.9375098081370761,1.0485853248155992,expansion
143,2005-01-31,0.9084530062866818,0.6517437544733173,0.5479544617604314,1.843468216866143,0.7864642324344728,0.9476167343642092,slowdown
144,2005-02-28,0.7932273872954616,0.3333561383989438,0.6946938897610734,1.392942614157394,0.4557218136973171,0.7339883686620381,slowdown
145,2005-03-31,0.5030481921701688,0.0636608288605446,0.4411840847570975,2.055628798226363,0.17394723396547257,0.6474938275959292,slowdown
146,2005-04-30,0.1182130033137245,-0.7621871561465402,-0.047578564834425366,1.7816967229969545,-0.47808983101989516,0.12241083486196364,slowdown
147,2005-05-31,-0.022926392524091628,-0.808475132192685,0.026926866214554004,2.009592381171253,-0.7766421290985837,0.08569511871408933,slowdown
148,2005-06-30,-0.010975405952082943,0.8527276135063036,0.12842810957024303,2.1880427366415245,-0.3875368451298414,0.5541372417272294,expansion
149,2005-07-31,0.031119720798014016,0.8240546416364737,0.17928897604170865,2.0683310538004553,-0.30435450420598775,0.5596879776141329,expansion
150,2005-08-31,0.1248993464776257,-0.5033040593270095,0.357570841708303,2.0778436443886523,-0.3946896628241533,0.3324640220846836,slowdown
151,2005-09-30,0.28180312739031743,-2.50740629429877,0.11934768869622822,1.5965683908246768,0.3533544136299145,-0.03126653475152649,contraction
152,2005-10-31,0.4315750309579853,-2.7787690602202213,-0.13338544894090565,1.5420301531034688,0.41611007864654836,-0.1044878492906249,contraction
153,2005-11-30,0.6064961793314104,-1.5953769834890967,-0.08598168691295138,1.508592618411186,0.1966209811593816,0.12607022169998594,expansion
154,2005-12-31,0.781972518169857,-0.062221384927738564,-0.012316897833827719,1.6014994660014727,-0.17510102568593908,0.4267665351447649,expansion
155,2006-01-31,0.9308284909382044,-0.1114816987128631,-0.11814179907685558,1.875597012661983,-0.20078993585169846,0.4752024139917541,expansion
156,2006-02-28,1.1000066787082816,-0.8605526793017636,0.20302935484086404,1.4876025757390752,-0.04891713698590838,0.3762337586001097,slowdown
157,2006-03-31,1.2725089375693914,-0.5347119366320614,0.029718896975993066,1.5576019582747234,-0.44907932387900545,0.37520770646180823,slowdown
158,2006-04-30,1.4216867495156602,-0.8067200442500522,-0.6879713565060617,1.5361709284552392,-0.23413671115511836,0.24580591321193343,slowdown
159,2006-05-31,1.5247122681108443,-2.1076359885914004,0.9193117910591987,1.7421912502086356,-0.711848634905141,0.2733461371764274,expansion
160,2006-06-30,1.6151991010028517,-1.1145148995789063,-0.939973320253103,1.7867639565645188,-1.2986509957976466,0.009764768387542921,slowdown
161,2006-07-31,1.6934177804182196,-1.132003060821636,-1.298266169391014,1.5011424704402403,-0.9991285654662861,-0.04696750896409527,contraction
162,2006-08-31,1.837200753316523,-1.533948160763536,0.19342825473013586,1.3104202751526266,-0.7693088341767629,0.20755845765179737,expansion
163,2006-09-30,2.002619452251304,-0.9844297843800525,-0.3651023474001099,1.7050886136092565,-1.2679038678872332,0.218054413238633,expansion
164,2006-10-31,2.130128899551523,0.2294157566599719,0.66118199216613,1.8408026012768097,-1.4852429421215971,0.6752572615065675,expansion
165,2006-11-30,2.213602466483885,0.03173447198347972,1.5993883377920166,1.355408823743364,-1.6646073053510586,0.7071053589303374,expansion
166,2006-12-31,2.258986105493767,0.0,0.9820717661162274,1.4635735721369796,-1.2302020753233887,0.6948858736847172,slowdown
167,2007-01-31,2.2623335453611957,0.8709400721397049,1.3032970488714217,0.992084081901662,-1.5016769150010212,0.7853955666545926,expansion
168,2007-02-28,2.242752826478478,-0.050591123547031346,1.3119120056529594,1.2444567354358613,-0.3384102082002225,0.8820240471640088,expansion
169,2007-03-31,2.2301194353822065,-0.512510630419371,-0.9202192719587182,1.532896626640292,-0.7549264245474953,0.3150719470193828,slowdown
170,2007-04-30,2.1627347905722942,-0.7126923417111454,-2.700895611106861,1.1708814665613125,-0.6871387172082416,-0.1534220825785282,contraction
171,2007-05-31,1.9381806966990893,-0.5062918764828408,-0.17831787115259978,1.3224716286959772,-0.42212152060023406,0.43078421143187845,expansion
172,2007-06-30,1.6454735055260865,-0.8394931558828727,-0.011878674255812193,0.6893676868085086,-0.020896267200341444,0.2925146189991138,slowdown
173,2007-07-31,1.3697274581742263,0.11521555563240861,-2.751805068437276,0.1436033817854892,-0.9212203923646965,-0.40889581304196965,contraction
174,2007-08-31,1.1077627113391708,-1.0001204866246491,-3.0000000000000004,0.2955270622827724,-0.7103900559727634,-0.661444153795094,contraction
175,2007-09-30,0.8756307011377795,-0.938897257776293,-3.0,-0.0,0.04940585003427575,-0.6027721413208474,recovery
176,2007-10-31,0.6867575399622506,-1.3060384792804711,-2.7845240908230595,-0.0,-0.3024523650865623,-0.7412514790455684,contraction
177,2007-11-30,0.5054014829210778,-1.9859121841282834,-3.0,-0.0,-0.7872903406919055,-1.0535602083798221,contraction
178,2007-12-31,0.30577118384099744,-1.9724287045653823,-3.0,-1.1144160439642865,-1.4361537461852392,-1.443445462174782,contraction
179,2008-01-31,0.04430808951731629,-1.4493946149914285,-3.0,-1.1688734149774143,-0.9999219631434025,-1.3147763807189858,recovery
180,2008-02-29,-0.2615196094805805,-2.485729110345613,-2.8559499212027366,-0.8562072816152115,-2.0055227919872882,-1.692985742926286,contraction
181,2008-03-31,-0.6601407539345293,-2.481133375181954,-3.0,-1.7498481100548262,-1.5004277753512631,-1.8783100029045143,contraction
182,2008-04-30,-1.1708522940989932,-2.9592421673552964,-2.7140139069418896,-1.3670479287690487,-1.9703119763256711,-2.03629365469818,contraction
183,2008-05-31,-1.8046404653358181,-2.860748401853253,-1.9082264018326032,-2.9358633469680373,-1.7276688193926533,-2.247429487076473,contraction
184,2008-06-30,-2.4935469720813117,-2.9288502637889477,-2.5600654215170877,-3.0000000000000004,-1.2517847354539577,-2.4468494785682613,contraction
185,2008-07-31,-2.9999999999999925,-2.3246131876533496,-3.0,-3.000000000000001,-0.761857761400132,-2.4172941898106948,recovery
186,2008-08-31,-2.999999999999997,-1.9963461711376889,-2.2853173076492,-3.0,-1.0068764957509053,-2.2577079949075585,recovery
187,2008-09-30,-2.9999999999999996,-1.2878847533278521,-3.0,-2.9999999999999987,-2.1018173864904126,-2.4779404279636523,contraction
188,2008-10-31,-2.999999999999994,-2.3375248447022168,-3.0,-3.000000000000001,-3.0000000000000004,-2.8675049689404424,contraction
189,2008-11-30,-2.9999999999999947,-2.382850554531083,-3.0,-2.9999999999999996,-3.0000000000000004,-2.8765701109062154,contraction
190,2008-12-31,-3.0000000000000004,-1.890605306075571,-3.0,-2.9999999999999996,-2.999999999999999,-2.7781210612151135,recovery
191,2009-01-31,-3.000000000000004,-1.722679664280017,-2.8340604929268474,-2.9999999999999996,-2.9390929473605687,-2.6991666209134872,recovery
192,2009-02-28,-2.8928063980999066,-1.9496459239322732,-2.1465630474254676,-3.0,-2.690647909901476,-2.5359326558718247,recovery
193,2009-03-31,-2.6260543227299205,-1.7257482211994541,-1.9765702824642652,-3.000000000000001,-2.399591552794031,-2.3455928758375344,recovery
194,2009-04-30,-2.343020824825772,-1.0386277928926884,-1.7049649756781755,-3.0,-1.8509516159267334,-1.987513041864674,recovery
195,2009-05-31,-2.05819365024813,-0.6487178492335127,-0.9787627491147133,-2.9999999999999996,-1.1015236497603433,-1.5574395796713398,recovery
196,2009-06-30,-1.7810364203551907,-0.3817017117961439,-0.36378627832393134,-2.8589869478397194,-0.6888668670854595,-1.2148756450800888,recovery
197,2009-07-31,-1.488942100763255,-0.5468299530426791,-0.29866805293950777,-2.64213308762348,-0.08577600662678436,-1.0124698401991412,recovery
198,2009-08-31,-1.1609178027184954,-0.38959134887857033,-0.010069517968708655,-2.55054983431136,0.5497101715413074,-0.7122836664671656,recovery
199,2009-09-30,-0.8367371802133329,0.20856893669863666,0.17806698261775006,-2.506779555610371,0.7977714598359771,-0.4318218713342681,recovery
200,2009-10-31,-0.5174615909708785,-0.008002517301938662,0.21594908134449547,-2.4006608379385197,1.218388528532507,-0.29835746726686685,recovery
201,2009-11-30,-0.1921401692279002,-0.25219706957085164,0.25225149612139164,-2.15194079088213,0.8337408746782206,-0.30205713177625393,contraction
202,2009-12-31,0.01819091129343721,0.17622711294015705,0.36494457814582737,-2.005007405128893,0.8841533468795787,-0.11229829117397849,recovery
203,2010-01-31,0.1286316793220899,0.3648763382953896,0.3623436152675022,-1.803970383105003,0.9142393080095794,-0.006775888442088374,recovery
204,2010-02-28,0.2138223975798059,0.30652609210111587,0.4749508670314202,-1.7130075468891854,0.7846903543928316,0.013396432843197636,expansion
205,2010-03-31,0.2764954603763687,0.32022935870972946,0.6692823548186544,-1.6547543075528606,1.2623312695291828,0.17471682717621495,expansion
206,2010-04-30,0.31194994453185015,0.18586089564650327,0.7423393128596631,-1.4883600651060431,1.1318004634668972,0.17671811027977416,expansion
207,2010-05-31,0.32444820084640064,0.35391132638492584,0.36951847170607494,-1.176374296548071,1.0121070469652937,0.17672214987092483,expansion
208,2010-06-30,0.32599670802477815,0.6485449591887509,0.4031016234945369,-0.8628736825738548,0.8732997531709475,0.27761387226103174,expansion
209,2010-07-31,0.3323339446408576,-0.27085150423957316,0.4425630130568492,-0.6381888137674872,0.8063562793724592,0.13444258381262114,slowdown
210,2010-08-31,0.35553423289239333,-0.04093318006968673,0.5760665182776753,-0.4816688598153168,0.8395480687855748,0.24970935601412797,expansion
211,2010-09-30,0.3975516545319663,-0.0875639935346883,0.6246907813279039,-0.32000401547898044,0.6815013386806961,0.2592351531053795,expansion
212,2010-10-31,0.45332460135841535,-0.11584803128148292,0.5711000138601208,-0.10131982349466917,0.8958013108300995,0.3406116142544967,expansion
213,2010-11-30,0.5174329437497315,0.4965262000928708,0.6603125128338849,-0.20890765744244555,0.9378942829006557,0.4806516564269394,expansion
214,2010-12-31,0.5775424789266527,0.9589034274840316,0.7256060390148266,0.05411080017398817,0.7783876215393439,0.6189100734277686,expansion
215,2011-01-31,0.6186759430910884,0.9373584133768663,0.7027200702345286,0.16969485355037472,0.9288596314380788,0.6714617823381874,expansion
216,2011-02-28,0.6244869669663226,1.426176297188551,0.717376041788311,0.23967323996779696,0.6581988577505619,0.7331822807323087,expansion
217,2011-03-31,0.5868955161445671,-0.07892598446872737,0.5772403445884785,0.2550603106753077,0.4242851359966015,0.3529110645872455,slowdown
218,2011-04-30,0.5091752672349193,0.21442006529727536,0.5853897974686444,0.2074769188477055,0.3247399004541936,0.36824038986054763,expansion
219,2011-05-31,0.3976801891439152,0.8795457690766436,0.5323202833109018,0.300158831405236,-0.06992547821762786,0.4079559189438138,expansion
220,2011-06-30,0.17795726277969232,0.3607788273056067,0.36406962875265547,0.24659319158551543,0.04432375809849431,0.23874453370439286,slowdown
221,2011-07-31,-0.012503612804811513,-0.9595564583457667,0.3045973940730067,0.3648878305226533,-0.32282627624805127,-0.12508022456059392,contraction
222,2011-08-31,-0.14005122350752341,-2.188694634077758,-0.11059255307050654,0.40818923957898606,-0.36090053277998346,-0.4784099407713571,contraction
223,2011-09-30,-0.23643323050466733,-1.4656223965698774,-0.1332161266992834,0.47622690209376106,-0.22243794432642994,-0.31629655920129934,recovery
224,2011-10-31,-0.2907049730134031,-1.2865213105345972,-0.1784060982309259,0.8425907364645898,-0.5388931647170875,-0.2903869620062848,recovery
225,2011-11-30,-0.30821770639853274,-0.8677516303952978,-0.018127520282684956,1.350181781966421,-0.509079909826502,-0.0705989969873193,recovery
226,2011-12-31,-0.30271400821045574,0.09622841117197026,0.014891156602265095,1.7721185965202573,-0.37864431373543894,0.2403759684697196,expansion
227,2012-01-31,-0.2933303442813128,0.9073669907351893,0.09534450069422291,2.330790138169243,-0.3873475702864734,0.5305647430061738,expansion
228,2012-02-29,-0.3023039068978852,0.9443252859066831,0.3826795314462637,2.330790138169242,-0.565453453376907,0.5580075190494794,expansion
229,2012-03-31,-0.35010231938552017,1.0900442226455882,0.5283297433788137,2.4169784835322843,-0.4703200191552319,0.6429860222031868,expansion
230,2012-04-30,-0.4571037933385346,1.031720660710646,0.6349095868091824,2.280655058385984,-0.376436019189017,0.6227490986756521,slowdown
231,2012-05-31,-0.6375813702302617,1.462366621920777,0.24803679286848826,2.0763604385615566,-1.0178344751082067,0.4262696016024708,slowdown
232,2012-06-30,-0.8900501401587516,0.24444297961689318,0.16104535147200863,1.7332893138462375,-2.524571523093025,-0.25516880366332745,contraction
233,2012-07-31,-1.1728495077586607,0.009494677468262682,0.25980853245533675,1.5078152867742443,-2.0460277185809224,-0.2883517459283479,contraction
234,2012-08-31,-1.4058690073474556,0.36367335525611627,1.0090702476151558,1.6222819772166002,-2.2209832997243213,-0.1263653453967809,recovery
235,2012-09-30,-1.5183254633890668,1.102880804914982,1.332725012095792,1.948103581484192,-1.5195748345170177,0.2691618201177764,expansion
236,2012-10-31,-1.5073059943533786,1.7169572261881965,0.8634359366515608,1.8369806320652775,-1.5366133001637317,0.2746909000775849,expansion
237,2012-11-30,-1.4008929665594405,1.5678073988695103,1.1603301102891785,1.9452123328760247,-1.9977581708657906,0.2549397409218964,slowdown
238,2012-12-31,-1.2355775468644985,-0.0842689790090235,1.1361379954769442,1.6459488970489438,-1.3450060830172281,0.023446856727027565,slowdown
239,2013-01-31,-0.8090495658365057,0.06748742824800284,1.14554319423689,1.5054943265792167,-0.5410426939734001,0.2736865378508408,expansion
240,2013-02-28,-0.28602514562259973,0.700350571824662,1.2442211698150702,1.9457829158263187,-0.03284038728409217,0.7142978249118719,expansion
241,2013-03-31,0.013793971775574955,0.8535611653303334,1.0883514325393941,2.0856913314192003,-0.6725182431721192,0.6737759315784768,slowdown
242,2013-04-30,0.18423343834624517,0.44022017761087634,0.8522773895062106,1.6593902714014694,-1.000328474654723,0.4271585604420157,slowdown
243,2013-05-31,0.36481997892352463,1.6249992880796218,1.129568566527741,1.5723768801848188,-0.8532069847986985,0.7677115457834016,expansion
244,2013-06-30,0.5511897977166264,1.5028756140142072,0.661431577447177,1.3318580779997768,-0.7352899459241021,0.6624130242507371,slowdown
245,2013-07-31,0.7386192076646247,1.5572279708951822,0.8800610109105221,1.452786328767548,0.5354477433516834,1.032828452317912,expansion
246,2013-08-31,0.9252003352340471,1.1020910353928082,1.202884320795088,1.50837872164935,0.6469139099124919,1.077093664596757,expansion
247,2013-09-30,1.1007577457600952,0.4401528146541782,0.9732007496072992,1.4330465315772938,0.7181931414907586,0.9330701966179251,slowdown
248,2013-10-31,1.2596103242091887,-0.17231454021276563,0.852314320654053,1.4320199436760577,0.7662071961724529,0.8275674488997973,slowdown
249,2013-11-30,1.3995947086128648,0.05033587784248154,1.1862799037392335,1.89919764387331,1.2439965461202975,1.1558809360376374,expansion
250,2013-12-31,1.5120761112278178,1.0505618442650806,1.2831687281098683,2.1383593349017107,1.3161122879243738,1.4600556612857702,expansion
251,2014-01-31,1.607887368107646,0.8354065678304051,0.9097521659259864,2.137184926847185,-0.36572247305459904,1.0249017111313248,slowdown
252,2014-02-28,1.7038535244662547,0.8812844096651922,0.7685753988459015,1.8229193196708342,0.69046944058482,1.1734204186466006,expansion
253,2014-03-31,1.7913636064030338,0.5896310750059287,0.7613135010825555,1.6666666666666667,1.2247660796458553,1.206748185760808,expansion
254,2014-04-30,1.8298333416753436,1.0677245017386348,0.8165052348919357,2.1276656323478838,1.4722198180504666,1.4627897057408528,expansion
255,2014-05-31,1.8052008979771883,0.745116282316472,1.0963367609717984,1.8964396743413092,1.3603717789366148,1.3806930789086764,slowdown
256,2014-06-30,1.7386068205265297,0.7466681420469824,1.1987441483108452,2.0504950947215526,1.0054133391324511,1.3479855089476722,slowdown
257,2014-07-31,1.6606269664009736,0.5911082133886473,0.8599225776588044,1.8533051397756237,1.2795911930154253,1.2489108180478947,slowdown
258,2014-08-31,1.5934354612698547,0.7193471642055805,0.7532869545365957,1.9107232987878835,1.6212772992045899,1.319614035600901,expansion
259,2014-09-30,1.4313944901222755,1.0846509168096594,0.7245899237273652,2.0245562059250326,1.2835205171541373,1.309742410747694,slowdown
260,2014-10-31,1.194302777470904,1.5712131169028976,-0.2599923923871442,2.1660984156891168,1.3593129768805867,1.2061869789112722,slowdown
261,2014-11-30,0.9595432912688613,1.9630105770181783,0.4750539393712057,2.018657380196379,1.3466183237658214,1.352576702324089,expansion
262,2014-12-31,0.727386670507438,2.6211024448625464,-0.06086923863840038,2.092064879410362,0.7062484570492766,1.2171866426382447,slowdown
263,2015-01-31,0.5030858068839253,2.9125488016728647,-1.059169643381792,1.7730628168511777,-0.12107930278794639,0.8016896958476458,slowdown
264,2015-02-28,0.2790319195876221,2.2220930809269315,-0.4521077885626313,1.9078351267878126,-0.48449606706626813,0.6944712543346934,slowdown
265,2015-03-31,0.06868984554893502,1.7393945899942695,-0.25712442787756606,1.9789477465537755,-0.8031823167453085,0.5453450874948211,slowdown
266,2015-04-30,-0.038065144105997505,2.0531959344206085,0.005596852918658529,1.7915591563011024,-0.6604030737078551,0.6303767451653033,expansion
267,2015-05-31,-0.14824935480436624,1.2178445129287507,0.6855840369888647,1.3080535259187331,-0.38023207274088494,0.5366001296582195,slowdown
268,2015-06-30,-0.2910711181690922,1.9234533360496955,0.24083267972123495,1.521699178764882,-0.3984452722013436,0.5992937608330753,expansion
269,2015-07-31,-0.4829164844663598,1.5119469928965183,-0.47381415491312784,1.6308507816444744,-0.5795709096476507,0.3212992451027709,slowdown
270,2015-08-31,-0.716796524868257,1.3452857223574186,-1.2901666056917622,1.682845978434949,-1.378784628560317,-0.07152321166559372,contraction
271,2015-09-30,-0.964828532439643,0.6601000118114934,-2.154079985068299,1.554846880814274,-1.4847712804410158,-0.477746581064638,contraction
272,2015-10-31,-1.2237754260524427,0.9500792813078891,-1.3650278607070752,1.3335873741727033,-1.776797337336253,-0.41638679372303566,recovery
273,2015-11-30,-1.5269556179977826,1.0248189690938951,-0.8542094475954076,1.1754910856077934,-1.707396277080453,-0.37765025759439097,recovery
274,2015-12-31,-1.8745265172837553,1.2151316807906398,-1.8663370974171454,1.2462393682714081,-1.9429042802502186,-0.6444793691778142,contraction
275,2016-01-31,-2.220747424404188,1.126111176518139,-2.915313626364903,1.3325762544218787,-2.459244911323812,-1.0273237062305771,contraction
276,2016-02-29,-2.4936287551544862,1.0497818890673345,-3.0,1.2414188717504986,-1.471782299149455,-0.9348420586972216,recovery
277,2016-03-31,-2.6125742031626777,0.7773019459321077,-1.4756757722812914,0.9758171307285209,-0.7785531237558606,-0.6227368045078401,recovery
278,2016-04-30,-2.591308520770372,0.3146998003979223,-1.3105615236533,0.8879893482510866,-0.7828519866798143,-0.6964065764908953,contraction
279,2016-05-31,-2.483207678008601,1.0617775132367266,-0.7884897841620309,1.0930188770038356,-0.6775887205229751,-0.35889795849060896,recovery
280,2016-06-30,-2.3216761445848415,0.7223399972907131,-1.1290812034390367,0.9482378813732164,-0.24049318535949665,-0.4041345309438891,contraction
281,2016-07-31,-2.125517704735887,0.07853668402863072,-0.7079382513073617,1.0446143289914158,-0.05563641534475596,-0.3531882716735915,recovery
282,2016-08-31,-1.8897278716371506,-0.015867844770541678,-0.39129693139598737,0.8830855184033883,-0.9520694478930848,-0.4731753154586753,contraction
283,2016-09-30,-1.6034391393404628,0.19787041557950316,-0.31383340064145765,0.6462575276047914,-0.49528601198231326,-0.3136861217559879,recovery
284,2016-10-31,-1.1426445799802571,-0.5099329300650174,0.02666108953371393,0.7681349367288733,-0.1849365997034528,-0.20854361669722798,recovery
285,2016-11-30,-0.6057778495003604,0.6851931017022762,-0.6259188713195633,1.0424571377621639,0.341445805726313,0.16747986487416588,expansion
286,2016-12-31,-0.0742361958946484,1.436267882763873,0.5497210210335508,0.9143815522975336,0.7396972011320859,0.713166292266479,expansion
287,2017-01-31,0.2359874607959995,1.4467591877673858,0.42207845795286963,0.7766540345364226,1.0576252583431065,0.7878208798791568,expansion
288,2017-02-28,0.4882911555922106,1.009787966788124,0.7495535694158233,0.912545078395959,1.7965427525362294,0.9913441045456693,expansion
289,2017-03-31,0.6956224481952642,1.1314026785139368,0.6770730285770407,1.2592443820315669,1.4109164489318586,1.0348517972499334,expansion
290,2017-04-30,0.8766562855437959,1.1006609183611302,0.43154787753375756,1.176984265776797,1.085791494527422,0.9343281683485806,slowdown
291,2017-05-31,1.0565563764913588,1.1366786098080428,0.9733027457310995,1.219853481160931,1.4050720588911494,1.1582926544165162,expansion
292,2017-06-30,1.2403712419203345,0.6321448145303904,0.650308443331716,1.4437703434475506,1.3836815479395175,1.070055278233902,slowdown
293,2017-07-31,1.4196450660779174,0.15420883584176232,1.0748548267491846,1.5032906803717425,1.505973957330435,1.1315946732742082,expansion
294,2017-08-31,1.5890592644163162,1.0525743768816822,1.2135543228675851,1.356498294588,2.1421617713619328,1.4707696060231035,expansion
295,2017-09-30,1.7203753114478244,0.562669199041923,1.089599044482914,1.723789121412414,2.374666391311117,1.4942198135392384,expansion
296,2017-10-31,1.8018149542730355,2.167817839204491,1.0595263963309989,1.821680136170597,1.961765831268873,1.762521031449599,expansion
297,2017-11-30,1.8251143981848192,1.4801472571224752,1.0253413863390608,1.6354142580793938,1.7156640839797437,1.5363362767410984,slowdown
298,2017-12-31,1.7947249710031326,0.6691400935995439,0.9245229318826447,1.8684379088043328,1.9503912515831585,1.4414434313745628,slowdown
299,2018-01-31,1.731321189057317,0.6213914808581883,1.1838822532029842,1.9126693973510014,1.9011242558969708,1.4700777152732925,expansion
300,2018-02-28,1.642308560223269,1.761628948449842,0.13089304919307243,1.8069520696481696,2.181719716379018,1.5047004687786742,expansion
301,2018-03-31,1.5043400833871923,1.9589974732639912,0.19093716421173812,1.9151035941964851,1.6687267600537117,1.4476210150226236,slowdown
302,2018-04-30,1.3243158991036146,1.2227320902684977,-0.5702759343639684,1.7999999999999996,1.4092015028342886,1.0371947115684863,slowdown
303,2018-05-31,1.1274279784861159,0.8460998197933197,0.19283706175064508,2.196449725541858,1.3046843523747917,1.1334997875893462,expansion
304,2018-06-30,0.860484418896477,0.8894790545222084,0.2682213631030651,1.7270230732830913,1.259797085396579,1.0010009990402842,slowdown
305,2018-07-31,0.4422940086525494,0.7498252820188217,-0.3564595027449075,2.0652198571752036,0.6936668569730151,0.7189093004149365,slowdown
306,2018-08-31,0.05113098653402258,0.21159739905844618,0.5656737242041042,1.67297866368317,1.1837923291443089,0.7370346205248104,expansion
307,2018-09-30,-0.23578834315543531,1.1761817381267425,0.6130847481329712,1.625306880013348,0.7116837812214102,0.7780937608678073,expansion
308,2018-10-31,-0.5407470064141726,0.7094507676290808,-0.8581177191729205,1.379031297129932,0.5271733168907324,0.24335813121253047,slowdown
309,2018-11-30,-0.8371424222592181,0.35270790498943766,-0.6647553717039246,1.6022999935908,0.5657666256718504,0.20377534605778908,slowdown
310,2018-12-31,-1.1174893427930184,0.49462016061432834,-1.642252223239332,1.0413041384649133,-0.43150696595149574,-0.33106484658092084,contraction
311,2019-01-31,-1.3573139785300163,-1.5010722027646242,-1.7515360735943215,0.7032721845252136,-0.3250356133482929,-0.8463371367424083,contraction
312,2019-02-28,-1.546250106543857,-0.7824282454235275,-0.18961094705455883,1.058724680181338,-0.7847391610759484,-0.44886075598331066,recovery
313,2019-03-31,-1.6846569255275148,0.4495276660682885,-0.6800100533553225,0.9600000000000009,-0.6512008284172859,-0.3212680282463668,recovery
314,2019-04-30,-1.7939084994555141,0.0770644661467233,-0.21798120624047557,1.3319885691653284,-1.0749916953912935,-0.3355656731550464,contraction
315,2019-05-31,-1.890610442705001,0.8946937993191794,-0.6828103545557584,1.20485675534998,-1.4665016764469645,-0.388074383807713,contraction
316,2019-06-30,-1.961428735960629,0.3203965273165214,-0.9246327471730184,0.98537198765384,-1.6833974809806522,-0.6527380898287878,contraction
317,2019-07-31,-1.988680037280149,0.3384403426303963,0.11605755662678775,1.002789405697312,-1.754081347264788,-0.45709481591808826,recovery
318,2019-08-31,-1.9623639397346895,-2.433547225580442,-1.2097287311394913,0.9119359380857911,-2.5166039825233257,-1.4420615881784316,contraction
319,2019-09-30,-1.8713333609242981,-1.374592341241019,-0.8938217988093581,1.3678822577626597,-2.5635444914180807,-1.0670819469260193,recovery
320,2019-10-31,-1.7336963903537201,-0.7242184511250159,-0.9414806390457041,1.1602387022306424,-2.345346331850323,-0.9169006220288242,recovery
321,2019-11-30,-1.5889277983920136,-0.22018251258270272,0.30597558037387274,1.4864709750264076,-2.309774080776608,-0.4652875672702088,recovery
322,2019-12-31,-1.478647338807447,0.7739461116746598,0.36300429006998053,1.3877863981739131,-2.2454334711475767,-0.2398688020072941,recovery
323,2020-01-31,-1.4438339735480614,0.9606998927723062,0.00513884163789874,0.8212905705563617,-1.4237170434698248,-0.21608434241026395,recovery
324,2020-02-29,-1.428986925866414,1.2554599164505522,-0.9084080891189967,1.0317891304007896,-1.5369903372001024,-0.3174272610668343,contraction
325,2020-03-31,-2.9999999999999907,-2.909775611064263,-3.0,-2.063578260801582,-1.72513730370132,-2.5396982351134314,contraction
326,2020-04-30,-2.9999999999999964,-3.000000000000001,-3.0,-2.9999999999999996,-3.000000000000001,-2.9999999999999996,contraction
327,2020-05-31,-3.000000000000001,-3.000000000000001,-2.253350321104905,-2.9999999999999996,-2.474443146637389,-2.7455586935484586,recovery
