"","X","Return","APINFLATION","APRGDP","phase_GDP","phase_INFLATION","phase","Date","phase_id","Phase"
"1","1994-02-28",2.59854657564413,3.28092959671888,3.88086511124855,"High","High","HighHigh","1994-02-28",9,"HighGDP&HighInflation(9)"
"2","1994-03-31",-2.70682788390452,3.27198364008185,3.88086511124855,"High","High","HighHigh","1994-03-31",9,"HighGDP&HighInflation(9)"
"3","1994-04-30",-4.14746543778801,0.815771583956446,3.88086511124855,"High","Low","HighLow","1994-04-30",7,"HighGDP&LowInflation(7)"
"4","1994-05-31",1.90773322422257,2.44565217391314,5.42018346534887,"High","Stable","HighStable","1994-05-31",8,"HighGDP&StableInflation(8)"
"5","1994-06-30",0.115432873274779,3.25423728813564,5.42018346534887,"High","High","HighHigh","1994-06-30",9,"HighGDP&HighInflation(9)"
"6","1994-07-31",-2.42380188490073,4.05679513184584,5.42018346534887,"High","High","HighHigh","1994-07-31",9,"HighGDP&HighInflation(9)"
"7","1994-08-31",3.25721184720902,4.8517520215633,2.33806096415623,"Stable","High","StableHigh","1994-08-31",6,"StableGDP&HighInflation(6)"
"8","1994-09-30",3.48284697863024,2.41610738255043,2.33806096415623,"Stable","Stable","StableStable","1994-09-30",5,"StableGDPStableInflation(5)"
"9","1994-10-31",-1.84147895280911,0.80375083724041,2.33806096415623,"Stable","Low","StableLow","1994-10-31",4,"StableGDP&LowInflation(4)"
"10","1994-11-30",1.54294531116064,3.21285140562254,4.58209777978704,"High","High","HighHigh","1994-11-30",9,"HighGDP&HighInflation(9)"
"11","1994-12-31",-3.52861725476954,2.40320427236301,4.58209777978704,"High","Stable","HighStable","1994-12-31",8,"HighGDP&StableInflation(8)"
"12","1995-01-31",2.21761088054402,3.19786808794142,4.58209777978704,"High","High","HighHigh","1995-01-31",9,"HighGDP&HighInflation(9)"
"13","1995-02-28",2.48501895560718,3.18936877076416,1.41902456909004,"Low","High","LowHigh","1995-02-28",3,"LowGDP&HighInflation(3)"
"14","1995-03-31",3.21472041240067,2.38568588469171,1.41902456909004,"Low","Stable","LowStable","1995-03-31",2,"LowGDP&StableInflation(2)"
"15","1995-04-30",3.10534591194969,4.76190476190494,1.41902456909004,"Low","High","LowHigh","1995-04-30",3,"LowGDP&HighInflation(3)"
"16","1995-05-31",2.47583593101746,2.37154150197615,1.19336350885906,"Low","Stable","LowStable","1995-05-31",2,"LowGDP&StableInflation(2)"
"17","1995-06-30",3.86475544370282,2.36686390532553,1.19336350885906,"Low","Stable","LowStable","1995-06-30",2,"LowGDP&StableInflation(2)"
"18","1995-07-31",2.7074861465203,1.57480314960621,1.19336350885906,"Low","Stable","LowStable","1995-07-31",2,"LowGDP&StableInflation(2)"
"19","1995-08-31",1.90784884913635,2.35910878112722,3.4027101398568,"Stable","Stable","StableStable","1995-08-31",5,"StableGDPStableInflation(5)"
"20","1995-09-30",1.05483533295756,1.56965336821443,3.4027101398568,"Stable","Stable","StableStable","1995-09-30",5,"StableGDPStableInflation(5)"
"21","1995-10-31",4.07768924302789,3.13520574787725,3.4027101398568,"Stable","High","StableHigh","1995-10-31",6,"StableGDP&HighInflation(6)"
"22","1995-11-30",1.06991789002238,1.56351791530936,2.71608411016915,"Stable","Stable","StableStable","1995-11-30",5,"StableGDPStableInflation(5)"
"23","1995-12-31",3.60375714880887,1.56148340923891,2.71608411016915,"Stable","Stable","StableStable","1995-12-31",5,"StableGDPStableInflation(5)"
"24","1996-01-31",1.23014494872873,6.23781676413242,2.71608411016915,"Stable","High","StableHigh","1996-01-31",6,"StableGDP&HighInflation(6)"
"25","1996-02-29",3.4036329493337,2.32708468002594,2.99578727891222,"Stable","Stable","StableStable","1996-02-29",5,"StableGDPStableInflation(5)"
"26","1996-03-31",1.40918853790142,3.87096774193548,2.99578727891222,"Stable","High","StableHigh","1996-03-31",6,"StableGDP&HighInflation(6)"
"27","1996-04-30",0.935013947721863,4.63022508038581,2.99578727891222,"Stable","High","StableHigh","1996-04-30",6,"StableGDP&HighInflation(6)"
"28","1996-05-31",0.354845863827902,2.30621396540688,6.67138970461537,"High","Stable","HighStable","1996-05-31",8,"HighGDP&StableInflation(8)"
"29","1996-06-30",2.68763280917976,2.30179028132979,6.67138970461537,"High","Stable","HighStable","1996-06-30",8,"HighGDP&StableInflation(8)"
"30","1996-07-31",1.58759063669172,2.29738353541808,6.67138970461537,"High","Stable","HighStable","1996-07-31",8,"HighGDP&StableInflation(8)"
"31","1996-08-31",-3.48244113093783,1.52866242038208,3.58796550964776,"High","Stable","HighStable","1996-08-31",8,"HighGDP&StableInflation(8)"
"32","1996-09-30",0.0303910312690059,3.81679389312977,3.58796550964776,"High","High","HighHigh","1996-09-30",9,"HighGDP&HighInflation(9)"
"33","1996-10-31",6.02065962259055,3.80469245402663,3.58796550964776,"High","High","HighHigh","1996-10-31",9,"HighGDP&HighInflation(9)"
"34","1996-11-30",1.77033416649419,3.79266750948167,4.15352795211954,"High","High","HighHigh","1996-11-30",9,"HighGDP&HighInflation(9)"
"35","1996-12-31",7.12866640594447,3.02457466918719,4.15352795211954,"High","Stable","HighStable","1996-12-31",8,"HighGDP&StableInflation(8)"
"36","1997-01-31",-1.21783826406939,2.26272784412328,4.15352795211954,"High","Stable","HighStable","1997-01-31",8,"HighGDP&StableInflation(8)"
"37","1997-02-28",6.077045884579,2.25846925972384,2.58225745961654,"Stable","Stable","StableStable","1997-02-28",5,"StableGDPStableInflation(5)"
"38","1997-03-31",1.43814713137027,0.751408891672056,2.58225745961654,"Stable","Low","StableLow","1997-03-31",4,"StableGDP&LowInflation(4)"
"39","1997-04-30",-4.87285516066546,0.750938673341634,2.58225745961654,"Stable","Low","StableLow","1997-04-30",4,"StableGDP&LowInflation(4)"
"40","1997-05-31",5.09358211541795,0,6.64800581536566,"High","Low","HighLow","1997-05-31",7,"HighGDP&LowInflation(7)"
"41","1997-06-30",6.3940305891083,2.25140712945578,6.64800581536566,"High","Stable","HighStable","1997-06-30",8,"HighGDP&StableInflation(8)"
"42","1997-07-31",4.98682579045258,1.4981273408241,6.64800581536566,"High","Stable","HighStable","1997-07-31",8,"HighGDP&StableInflation(8)"
"43","1997-08-31",6.41200713538783,2.99251870324194,5.00339213173628,"High","Stable","HighStable","1997-08-31",8,"HighGDP&StableInflation(8)"
"44","1997-09-30",-5.05913499890169,2.9850746268655,5.00339213173628,"High","Stable","HighStable","1997-09-30",8,"HighGDP&StableInflation(8)"
"45","1997-10-31",5.99968339401615,2.23325062034748,5.00339213173628,"High","Stable","HighStable","1997-10-31",8,"HighGDP&StableInflation(8)"
"46","1997-11-30",-1.37050822534694,1.48606811145502,3.43526605000362,"High","Stable","HighStable","1997-11-30",8,"HighGDP&StableInflation(8)"
"47","1997-12-31",4.17680973734786,0.742115027829482,3.43526605000362,"High","Low","HighLow","1997-12-31",7,"HighGDP&LowInflation(7)"
"48","1998-01-31",0.423743026128975,1.48331273176753,3.43526605000362,"High","Stable","HighStable","1998-01-31",8,"HighGDP&StableInflation(8)"
"49","1998-02-28",2.57181028724114,0,3.99791966005752,"High","Low","HighLow","1998-02-28",7,"HighGDP&LowInflation(7)"
"50","1998-03-31",4.62824270053186,0,3.99791966005752,"High","Low","HighLow","1998-03-31",7,"HighGDP&LowInflation(7)"
"51","1998-04-30",5.80637799033135,1.4814814814814,3.99791966005752,"High","Stable","HighStable","1998-04-30",8,"HighGDP&StableInflation(8)"
"52","1998-05-31",0.320616524987494,2.95930949445134,3.70322855230924,"High","Stable","HighStable","1998-05-31",8,"HighGDP&StableInflation(8)"
"53","1998-06-30",-2.69454055004984,1.47601476014773,3.70322855230924,"High","Stable","HighStable","1998-06-30",8,"HighGDP&StableInflation(8)"
"54","1998-07-31",5.47001335864443,2.94840294840278,3.70322855230924,"High","Stable","HighStable","1998-07-31",8,"HighGDP&StableInflation(8)"
"55","1998-08-31",-3.73784604835867,1.47058823529424,5.01026960905817,"High","Low","HighLow","1998-08-31",7,"HighGDP&LowInflation(7)"
"56","1998-09-30",-10.6339407609663,0.734394124846959,5.01026960905817,"High","Low","HighLow","1998-09-30",7,"HighGDP&LowInflation(7)"
"57","1998-10-31",-1.00406274561899,2.9357798165138,5.01026960905817,"High","Stable","HighStable","1998-10-31",8,"HighGDP&StableInflation(8)"
"58","1998-11-30",13.9288350144253,1.46430750457588,6.46352091623171,"High","Low","HighLow","1998-11-30",7,"HighGDP&LowInflation(7)"
"59","1998-12-31",5.48379497850455,2.19378427787943,6.46352091623171,"High","Stable","HighStable","1998-12-31",8,"HighGDP&StableInflation(8)"
"60","1999-01-31",4.88326866352158,2.18978102189769,6.46352091623171,"High","Stable","HighStable","1999-01-31",8,"HighGDP&StableInflation(8)"
"61","1999-02-28",2.87711702760007,0,3.7858875233987,"High","Low","HighLow","1999-02-28",7,"HighGDP&LowInflation(7)"
"62","1999-03-31",-3.2243877199034,0.728597449909091,3.7858875233987,"High","Low","HighLow","1999-03-31",7,"HighGDP&LowInflation(7)"
"63","1999-04-30",4.43054330294688,8.00970873786403,3.7858875233987,"High","High","HighHigh","1999-04-30",9,"HighGDP&HighInflation(9)"
"64","1999-05-31",4.58730470249928,0.723327305605745,3.07663456793288,"Stable","Low","StableLow","1999-05-31",4,"StableGDP&LowInflation(4)"
"65","1999-06-30",-3.91697737600861,0,3.07663456793288,"Stable","Low","StableLow","1999-06-30",4,"StableGDP&LowInflation(4)"
"66","1999-07-31",5.36903063650567,5.06024096385534,3.07663456793288,"Stable","High","StableHigh","1999-07-31",6,"StableGDP&HighInflation(6)"
"67","1999-08-31",-3.663440539604,2.87942411517701,5.23865933512736,"High","Stable","HighStable","1999-08-31",8,"HighGDP&StableInflation(8)"
"68","1999-09-30",0.375590781714008,5.0269299820468,5.23865933512736,"High","High","HighHigh","1999-09-30",9,"HighGDP&HighInflation(9)"
"69","1999-10-31",-4.28854776072137,2.14541120381394,5.23865933512736,"High","Stable","HighStable","1999-10-31",8,"HighGDP&StableInflation(8)"
"70","1999-11-30",5.97137085539148,2.14158239143375,6.79834012312848,"High","Stable","HighStable","1999-11-30",8,"HighGDP&StableInflation(8)"
"71","1999-12-31",3.88066323763825,2.85035629453686,6.79834012312848,"High","Stable","HighStable","1999-12-31",8,"HighGDP&StableInflation(8)"
"72","2000-01-31",4.2632623844213,3.55450236966825,6.79834012312848,"High","High","HighHigh","2000-01-31",9,"HighGDP&HighInflation(9)"
"73","2000-02-29",-2.73556922750134,4.96160661547541,1.44704060766628,"Low","High","LowHigh","2000-02-29",3,"LowGDP&HighInflation(3)"
"74","2000-03-31",-1.50140781356025,7.05882352941176,1.44704060766628,"Low","High","LowHigh","2000-03-31",3,"LowGDP&HighInflation(3)"
"75","2000-04-30",6.41707842391992,-0.701754385964872,1.44704060766628,"Low","Low","LowLow","2000-04-30",1,"LowGDP&LowInflation(1)"
"76","2000-05-31",-3.46746830168463,2.10649502633107,7.32465868818439,"High","Stable","HighStable","2000-05-31",8,"HighGDP&StableInflation(8)"
"77","2000-06-30",-1.83686368821878,7.00934579439252,7.32465868818439,"High","High","HighHigh","2000-06-30",9,"HighGDP&HighInflation(9)"
"78","2000-07-31",2.57716982465508,3.48432055749129,7.32465868818439,"High","High","HighHigh","2000-07-31",9,"HighGDP&HighInflation(9)"
"79","2000-08-31",-2.64791665071843,0,0.534221138738726,"Low","Low","LowLow","2000-08-31",1,"LowGDP&LowInflation(1)"
"80","2000-09-30",6.83798320384992,6.25361899247254,0.534221138738726,"Low","High","LowHigh","2000-09-30",3,"LowGDP&HighInflation(3)"
"81","2000-10-31",-5.304413106839,2.07373271889409,0.534221138738726,"Low","Stable","LowStable","2000-10-31",2,"LowGDP&StableInflation(2)"
"82","2000-11-30",-1.10911620459968,2.07015526164451,2.49155835764522,"Stable","Stable","StableStable","2000-11-30",5,"StableGDPStableInflation(5)"
"83","2000-12-31",-8.32639074461228,2.7554535017222,2.49155835764522,"Stable","Stable","StableStable","2000-12-31",5,"StableGDPStableInflation(5)"
"84","2001-01-31",1.18227023319615,6.87285223367698,2.49155835764522,"Stable","High","StableHigh","2001-01-31",6,"StableGDP&HighInflation(6)"
"85","2001-02-28",3.27743837856616,2.73348519362191,-1.14071061843344,"Low","Stable","LowStable","2001-02-28",2,"LowGDP&StableInflation(2)"
"86","2001-03-31",-9.54900850788024,0.681818181818143,-1.14071061843344,"Low","Low","LowLow","2001-03-31",1,"LowGDP&LowInflation(1)"
"87","2001-04-30",-8.33575212248748,2.04429301533228,-1.14071061843344,"Low","Stable","LowStable","2001-04-30",2,"LowGDP&StableInflation(2)"
"88","2001-05-31",10.6008430802114,6.12244897959187,2.33822316034024,"Stable","High","StableHigh","2001-05-31",6,"StableGDP&HighInflation(6)"
"89","2001-06-30",-0.298825276681802,2.70727580372235,2.33822316034024,"Stable","Stable","StableStable","2001-06-30",5,"StableGDPStableInflation(5)"
"90","2001-07-31",-1.71128081337437,-2.02588632526719,2.33822316034024,"Stable","Low","StableLow","2001-07-31",4,"StableGDP&LowInflation(4)"
"91","2001-08-31",-1.75568337441797,0,-1.6601523731156,"Low","Low","LowLow","2001-08-31",1,"LowGDP&LowInflation(1)"
"92","2001-09-30",-5.69200888418039,4.7350620067643,-1.6601523731156,"Low","High","LowHigh","2001-09-30",3,"LowGDP&HighInflation(3)"
"93","2001-10-31",-7.89992313907886,-3.36889387984278,-1.6601523731156,"Low","Low","LowLow","2001-10-31",1,"LowGDP&LowInflation(1)"
"94","2001-11-30",4.30749478414381,-0.675675675675637,1.08948549104308,"Low","Low","LowLow","2001-11-30",1,"LowGDP&LowInflation(1)"
"95","2001-12-31",3.80855668728395,-0.676056338028131,1.08948549104308,"Low","Low","LowLow","2001-12-31",1,"LowGDP&LowInflation(1)"
"96","2002-01-31",1.86553891150549,2.02931228861319,1.08948549104308,"Low","Stable","LowStable","2002-01-31",2,"LowGDP&StableInflation(2)"
"97","2002-02-28",-1.94971481783262,2.02588632526738,3.49805686514711,"High","Stable","HighStable","2002-02-28",8,"HighGDP&StableInflation(8)"
"98","2002-03-31",1.12384005065194,3.37078651685393,3.49805686514711,"High","High","HighHigh","2002-03-31",9,"HighGDP&HighInflation(9)"
"99","2002-04-30",1.58386976853391,5.37815126050428,3.49805686514711,"High","High","HighHigh","2002-04-30",9,"HighGDP&HighInflation(9)"
"100","2002-05-31",-3.8136695012375,1.33853876185157,2.42293014511753,"Stable","Low","StableLow","2002-05-31",4,"StableGDP&LowInflation(4)"
"101","2002-06-30",-4.01093344814121,0.668523676880185,2.42293014511753,"Stable","Low","StableLow","2002-06-30",4,"StableGDP&LowInflation(4)"
"102","2002-07-31",-6.90198287281869,2.67260579064592,2.42293014511753,"Stable","Stable","StableStable","2002-07-31",5,"StableGDPStableInflation(5)"
"103","2002-08-31",-7.55820467430031,3.33333333333333,1.77828533169829,"Low","High","LowHigh","2002-08-31",3,"LowGDP&HighInflation(3)"
"104","2002-09-30",3.47117855238279,1.99445983379509,1.77828533169829,"Low","Stable","LowStable","2002-09-30",2,"LowGDP&StableInflation(2)"
"105","2002-10-31",-6.71297380874292,2.65486725663702,1.77828533169829,"Low","Stable","LowStable","2002-10-31",2,"LowGDP&StableInflation(2)"
"106","2002-11-30",5.09787672178903,1.98675496688749,0.619290545950683,"Low","Stable","LowStable","2002-11-30",2,"LowGDP&StableInflation(2)"
"107","2002-12-31",2.6152614664102,1.98347107438024,0.619290545950683,"Low","Stable","LowStable","2002-12-31",2,"LowGDP&StableInflation(2)"
"108","2003-01-31",-4.75608336244033,5.28052805280517,0.619290545950683,"Low","High","LowHigh","2003-01-31",3,"LowGDP&HighInflation(3)"
"109","2003-02-28",-2.40938817920664,6.57174151150055,2.21906696584244,"Stable","High","StableHigh","2003-02-28",6,"StableGDP&HighInflation(6)"
"110","2003-03-31",-2.82335846882281,1.96078431372556,2.21906696584244,"Stable","Stable","StableStable","2003-03-31",5,"StableGDPStableInflation(5)"
"111","2003-04-30",2.53931425625162,-4.56769983686797,2.21906696584244,"Stable","Low","StableLow","2003-04-30",4,"StableGDP&LowInflation(4)"
"112","2003-05-31",6.08925204274042,-1.96506550218329,3.44103927072496,"High","Low","HighLow","2003-05-31",7,"HighGDP&LowInflation(7)"
"113","2003-06-30",6.23267056899779,1.31219245489331,3.44103927072496,"High","Low","HighLow","2003-06-30",7,"HighGDP&LowInflation(7)"
"114","2003-07-31",1.61509804358981,3.93227744401962,3.44103927072496,"High","High","HighHigh","2003-07-31",9,"HighGDP&HighInflation(9)"
"115","2003-08-31",-0.355645320629627,5.22591181273823,6.79283772010168,"High","High","HighHigh","2003-08-31",9,"HighGDP&HighInflation(9)"
"116","2003-09-30",2.81676177047303,3.90243902439021,6.79283772010168,"High","High","HighHigh","2003-09-30",9,"HighGDP&HighInflation(9)"
"117","2003-10-31",1.30497669684468,-1.29659643435973,6.79283772010168,"High","Low","HighLow","2003-10-31",7,"HighGDP&LowInflation(7)"
"118","2003-11-30",4.18918490158959,0.64899945916708,4.59266819701263,"High","Low","HighLow","2003-11-30",7,"HighGDP&LowInflation(7)"
"119","2003-12-31",1.55409383437888,3.24324324324324,4.59266819701263,"High","High","HighHigh","2003-12-31",9,"HighGDP&HighInflation(9)"
"120","2004-01-31",3.27752511369883,5.17520215633431,4.59266819701263,"High","High","HighHigh","2004-01-31",9,"HighGDP&HighInflation(9)"
"121","2004-02-29",2.19213348302427,2.57648953301113,2.13498924934137,"Stable","Stable","StableStable","2004-02-29",5,"StableGDPStableInflation(5)"
"122","2004-03-31",2.49931337544629,2.57096946973758,2.13498924934137,"Stable","Stable","StableStable","2004-03-31",5,"StableGDPStableInflation(5)"
"123","2004-04-30",-1.58646560963892,1.92410475681461,2.13498924934137,"Stable","Stable","StableStable","2004-04-30",5,"StableGDPStableInflation(5)"
"124","2004-05-31",-1.43647135037696,5.12273212379925,3.04830545665556,"Stable","High","StableHigh","2004-05-31",6,"StableGDP&HighInflation(6)"
"125","2004-06-30",0.132404911364925,4.4633368756643,3.04830545665556,"Stable","High","StableHigh","2004-06-30",6,"StableGDP&HighInflation(6)"
"126","2004-07-31",0.539383561643825,1.27051349920586,3.04830545665556,"Stable","Low","StableLow","2004-07-31",4,"StableGDP&LowInflation(4)"
"127","2004-08-31",-2.40332301986051,0.634584875727092,3.78131219022427,"High","Low","HighLow","2004-08-31",7,"HighGDP&LowInflation(7)"
"128","2004-09-30",0.409124841246,3.80549682875279,3.78131219022427,"High","High","HighHigh","2004-09-30",9,"HighGDP&HighInflation(9)"
"129","2004-10-31",1.83838793461364,6.32244467860906,3.78131219022427,"High","High","HighHigh","2004-10-31",9,"HighGDP&HighInflation(9)"
"130","2004-11-30",-0.223753946507654,5.66037735849042,4.0066964470891,"High","High","HighHigh","2004-11-30",9,"HighGDP&HighInflation(9)"
"131","2004-12-31",5.49141461653222,0,4.0066964470891,"High","Low","HighLow","2004-12-31",7,"HighGDP&LowInflation(7)"
"132","2005-01-31",1.4178136484831,-0.625978090766788,4.0066964470891,"High","Low","HighLow","2005-01-31",7,"HighGDP&LowInflation(7)"
"133","2005-02-28",-0.643929301003643,5.01043841336124,4.42785414468949,"High","High","HighHigh","2005-02-28",9,"HighGDP&HighInflation(9)"
"134","2005-03-31",1.80306619586106,4.36590436590429,4.42785414468949,"High","High","HighHigh","2005-03-31",9,"HighGDP&HighInflation(9)"
"135","2005-04-30",-2.84680634340807,3.72863801139302,4.42785414468949,"High","High","HighHigh","2005-04-30",9,"HighGDP&HighInflation(9)"
"136","2005-05-31",-0.657989877078835,-0.61951471347441,1.84624524814574,"Low","Low","LowLow","2005-05-31",1,"LowGDP&LowInflation(1)"
"137","2005-06-30",3.70842128248055,0.619834710743767,1.84624524814574,"Low","Low","LowLow","2005-06-30",1,"LowGDP&LowInflation(1)"
"138","2005-07-31",-0.395655683054374,7.43417656169345,1.84624524814574,"Low","High","LowHigh","2005-07-31",3,"LowGDP&HighInflation(3)"
"139","2005-08-31",3.51515365035187,7.38840430990244,3.56533539374093,"High","High","HighHigh","2005-08-31",9,"HighGDP&HighInflation(9)"
"140","2005-09-30",-0.983595398543324,16.5221825599185,3.56533539374093,"High","High","HighHigh","2005-09-30",9,"HighGDP&HighInflation(9)"
"141","2005-10-31",0.636751108514089,1.81086519114678,3.56533539374093,"High","Stable","HighStable","2005-10-31",8,"HighGDP&StableInflation(8)"
"142","2005-11-30",-2.22093192045292,-6.0271220492215,2.52585249826113,"Stable","Low","StableLow","2005-11-30",4,"StableGDP&LowInflation(4)"
"143","2005-12-31",4.93572726002518,0,2.52585249826113,"Stable","Low","StableLow","2005-12-31",4,"StableGDP&LowInflation(4)"
"144","2006-01-31",-1.10182750241337,7.26905603230702,2.52585249826113,"Stable","High","StableHigh","2006-01-31",6,"StableGDP&HighInflation(6)"
"145","2006-02-28",3.00656344665096,0.602107375815319,5.32114849823094,"High","Low","HighLow","2006-02-28",7,"HighGDP&LowInflation(7)"
"146","2006-03-31",0.607778585607721,1.80541624874614,5.32114849823094,"High","Stable","HighStable","2006-03-31",8,"HighGDP&StableInflation(8)"
"147","2006-04-30",0.695859756246109,6.00901352028042,5.32114849823094,"High","High","HighHigh","2006-04-30",9,"HighGDP&HighInflation(9)"
"148","2006-05-31",0.405599367813303,3.58744394618848,0.934798958225348,"Low","High","LowHigh","2006-05-31",3,"LowGDP&HighInflation(3)"
"149","2006-06-30",-1.49939365709101,2.9806259314456,0.934798958225348,"Low","Stable","LowStable","2006-06-30",2,"LowGDP&StableInflation(2)"
"150","2006-07-31",-0.15572768039136,6.54112983151632,0.934798958225348,"Low","High","LowHigh","2006-07-31",3,"LowGDP&HighInflation(3)"
"151","2006-08-31",-1.00033480593504,5.32281912272059,0.618531168182369,"Low","High","LowHigh","2006-08-31",3,"LowGDP&HighInflation(3)"
"152","2006-09-30",3.24166487948927,-5.88812561334642,0.618531168182369,"Low","Low","LowLow","2006-09-30",1,"LowGDP&LowInflation(1)"
"153","2006-10-31",1.20641718065897,-5.32544378698228,0.618531168182369,"Low","Low","LowLow","2006-10-31",1,"LowGDP&LowInflation(1)"
"154","2006-11-30",2.92088352779576,0.594353640416014,3.40746091963861,"High","Low","HighLow","2006-11-30",7,"HighGDP&LowInflation(7)"
"155","2006-12-31",2.85256262751776,6.5346534653465,3.40746091963861,"High","High","HighHigh","2006-12-31",9,"HighGDP&HighInflation(9)"
"156","2007-01-31",1.33787744326697,1.99113737075343,3.40746091963861,"High","Stable","HighStable","2007-01-31",8,"HighGDP&StableInflation(8)"
"157","2007-02-28",2.78466667157271,4.65402065504301,0.941972428156525,"Low","High","LowHigh","2007-02-28",3,"LowGDP&HighInflation(3)"
"158","2007-03-31",-2.69991623171596,6.24014572091693,0.941972428156525,"Low","High","LowHigh","2007-03-31",3,"LowGDP&HighInflation(3)"
"159","2007-04-30",1.52685798381162,3.60079498071027,0.941972428156525,"Low","High","LowHigh","2007-04-30",3,"LowGDP&HighInflation(3)"
"160","2007-05-31",3.63399166515674,4.95959281995476,2.29148960120118,"Stable","High","StableHigh","2007-05-31",6,"StableGDP&HighInflation(6)"
"161","2007-06-30",3.42194154795123,2.78010205315478,2.29148960120118,"Stable","Stable","StableStable","2007-06-30",5,"StableGDPStableInflation(5)"
"162","2007-07-31",-1.20366237946471,2.13671501780579,2.29148960120118,"Stable","Stable","StableStable","2007-07-31",5,"StableGDPStableInflation(5)"
"163","2007-08-31",-3.6029623139998,0.369936850623669,2.17308530918685,"Stable","Low","StableLow","2007-08-31",4,"StableGDP&LowInflation(4)"
"164","2007-09-30",1.04091225379512,5.085064068918,2.17308530918685,"Stable","High","StableHigh","2007-09-30",6,"StableGDP&HighInflation(6)"
"165","2007-10-31",4.92256015291208,3.69988539753629,2.17308530918685,"Stable","High","StableHigh","2007-10-31",6,"StableGDP&HighInflation(6)"
"166","2007-11-30",-1.71523484853559,9.43066112146855,2.43136765292169,"Stable","High","StableHigh","2007-11-30",6,"StableGDP&HighInflation(6)"
"167","2007-12-31",-2.25147872543408,3.47761746207911,2.43136765292169,"Stable","High","StableHigh","2007-12-31",6,"StableGDP&HighInflation(6)"
"168","2008-01-31",-0.298374278464064,4.13724609236452,2.43136765292169,"Stable","High","StableHigh","2008-01-31",6,"StableGDP&HighInflation(6)"
"169","2008-02-29",-4.75611120434077,2.90139225352779,-2.29879938208217,"Low","Stable","LowStable","2008-02-29",2,"LowGDP&StableInflation(2)"
"170","2008-03-31",-4.16844083574377,4.29363336734244,-2.29879938208217,"Low","High","LowHigh","2008-03-31",3,"LowGDP&HighInflation(3)"
"171","2008-04-30",2.52880431451861,2.77725722424213,-2.29879938208217,"Low","Stable","LowStable","2008-04-30",2,"LowGDP&StableInflation(2)"
"172","2008-05-31",2.75857946606695,7.10098998794061,2.06554839480347,"Stable","High","StableHigh","2008-05-31",6,"StableGDP&HighInflation(6)"
"173","2008-06-30",-0.850002544917805,12.5738820118211,2.06554839480347,"Stable","High","StableHigh","2008-06-30",6,"StableGDP&HighInflation(6)"
"174","2008-07-31",-6.92798474625989,8.56973370182512,2.06554839480347,"Stable","High","StableHigh","2008-07-31",6,"StableGDP&HighInflation(6)"
"175","2008-08-31",-1.77917155846919,-1.78617087336081,-2.1654223622342,"Low","Low","LowLow","2008-08-31",1,"LowGDP&LowInflation(1)"
"176","2008-09-30",1.66619870843527,1.02611001874806,-2.1654223622342,"Low","Low","LowLow","2008-09-30",1,"LowGDP&LowInflation(1)"
"177","2008-10-31",-9.58794937348104,-10.3181238777944,-2.1654223622342,"Low","Low","LowLow","2008-10-31",1,"LowGDP&LowInflation(1)"
"178","2008-11-30",-17.201804836753,-21.2465725016706,-8.65524497556395,"Low","Low","LowLow","2008-11-30",1,"LowGDP&LowInflation(1)"
"179","2008-12-31",-15.9110792549884,-9.88022687928387,-8.65524497556395,"Low","Low","LowLow","2008-12-31",1,"LowGDP&LowInflation(1)"
"180","2009-01-31",11.2891095066185,3.03692560951379,-8.65524497556395,"Low","Stable","LowStable","2009-01-31",2,"LowGDP&StableInflation(2)"
"181","2009-02-28",-8.2730733707283,4.37119278262481,-4.49078018977914,"Low","High","LowHigh","2009-02-28",3,"LowGDP&HighInflation(3)"
"182","2009-03-31",-14.5879637020028,-1.18473942784612,-4.49078018977914,"Low","Low","LowLow","2009-03-31",1,"LowGDP&LowInflation(1)"
"183","2009-04-30",15.0078353005449,1.20849902350643,-4.49078018977914,"Low","Low","LowLow","2009-04-30",1,"LowGDP&LowInflation(1)"
"184","2009-05-31",8.42042102105105,1.76579270270661,-0.575958996934544,"Low","Stable","LowStable","2009-05-31",2,"LowGDP&StableInflation(2)"
"185","2009-06-30",7.39865332287968,9.95953469594674,-0.575958996934544,"Low","High","LowHigh","2009-06-30",3,"LowGDP&HighInflation(3)"
"186","2009-07-31",-2.12025893997788,-0.357558545556085,-0.575958996934544,"Low","Low","LowLow","2009-07-31",1,"LowGDP&LowInflation(1)"
"187","2009-08-31",8.65707328843748,4.01814405335168,1.45644440306625,"Low","High","LowHigh","2009-08-31",3,"LowGDP&HighInflation(3)"
"188","2009-09-30",-0.534991470419,2.31706468008075,1.45644440306625,"Low","Stable","LowStable","2009-09-30",2,"LowGDP&StableInflation(2)"
"189","2009-10-31",3.52963861290683,3.60231815844469,1.45644440306625,"Low","High","LowHigh","2009-10-31",3,"LowGDP&HighInflation(3)"
"190","2009-11-30",1.09199627505758,4.01830870772113,4.39353641680927,"High","High","HighHigh","2009-11-30",9,"HighGDP&HighInflation(9)"
"191","2009-12-31",6.09430906922399,0.624211679571335,4.39353641680927,"High","Low","HighLow","2009-12-31",7,"HighGDP&LowInflation(7)"
"192","2010-01-31",0.923099420549467,0.778478653949626,4.39353641680927,"High","Low","HighLow","2010-01-31",7,"HighGDP&LowInflation(7)"
"193","2010-02-28",-2.01586611606173,-1.14213197969555,1.53911895878485,"Low","Low","LowLow","2010-02-28",1,"LowGDP&LowInflation(1)"
"194","2010-03-31",2.8457087931385,0.39764176343078,1.53911895878485,"Low","Low","LowLow","2010-03-31",1,"LowGDP&LowInflation(1)"
"195","2010-04-30",5.49799149869246,0.27604863977039,1.53911895878485,"Low","Low","LowLow","2010-04-30",1,"LowGDP&LowInflation(1)"
"196","2010-05-31",2.12019251245794,-0.623726443517336,3.68811321593146,"High","Low","HighLow","2010-05-31",7,"HighGDP&LowInflation(7)"
"197","2010-06-30",-10.8354742918154,-0.502554190252546,3.68811321593146,"High","Low","HighLow","2010-06-30",7,"HighGDP&LowInflation(7)"
"198","2010-07-31",-3.81686530581697,2.24310425001944,3.68811321593146,"High","Stable","HighStable","2010-07-31",8,"HighGDP&StableInflation(8)"
"199","2010-08-31",9.47730853774775,1.75363617563941,2.94884509673508,"Stable","Stable","StableStable","2010-08-31",5,"StableGDPStableInflation(5)"
"200","2010-09-30",-3.73585173865918,1.93829930755361,2.94884509673508,"Stable","Stable","StableStable","2010-09-30",5,"StableGDPStableInflation(5)"
"201","2010-10-31",6.21671758050077,4.17821555377386,2.94884509673508,"Stable","High","StableHigh","2010-10-31",6,"StableGDP&HighInflation(6)"
"202","2010-11-30",3.43994647620536,3.04060994818183,2.00761014874524,"Low","Stable","LowStable","2010-11-30",2,"LowGDP&StableInflation(2)"
"203","2010-12-31",1.90763389557154,4.81989161619384,2.00761014874524,"Low","High","LowHigh","2010-12-31",3,"LowGDP&HighInflation(3)"
"204","2011-01-31",5.2695785491143,3.89165064044416,2.00761014874524,"Low","High","LowHigh","2011-01-31",3,"LowGDP&HighInflation(3)"
"205","2011-02-28",2.55809947381609,3.8573695560769,-0.961765009325052,"Low","High","LowHigh","2011-02-28",3,"LowGDP&HighInflation(3)"
"206","2011-03-31",0.0297757655807418,6.2082578482005,-0.961765009325052,"Low","High","LowHigh","2011-03-31",3,"LowGDP&HighInflation(3)"
"207","2011-04-30",2.20351402097421,5.63291877011915,-0.961765009325052,"Low","High","LowHigh","2011-04-30",3,"LowGDP&HighInflation(3)"
"208","2011-05-31",2.23666031888279,3.81805768140902,2.85989330705495,"Stable","High","StableHigh","2011-05-31",6,"StableGDP&HighInflation(6)"
"209","2011-06-30",-3.18407596785975,0,2.85989330705495,"Stable","Low","StableLow","2011-06-30",4,"StableGDP&LowInflation(4)"
"210","2011-07-31",1.64779200398366,3.14404419810874,2.85989330705495,"Stable","High","StableHigh","2011-07-31",6,"StableGDP&HighInflation(6)"
"211","2011-08-31",-3.90424939691965,3.78535459970266,-0.111114649794242,"Low","High","LowHigh","2011-08-31",3,"LowGDP&HighInflation(3)"
"212","2011-09-30",-6.40713706407138,2.60585742970119,-0.111114649794242,"Low","Stable","LowStable","2011-09-30",2,"LowGDP&StableInflation(2)"
"213","2011-10-31",-9.28612692910786,0.810249032423156,-0.111114649794242,"Low","Low","LowLow","2011-10-31",1,"LowGDP&LowInflation(1)"
"214","2011-11-30",11.1756036317982,2.21742006615221,4.63713994955974,"High","Stable","HighStable","2011-11-30",8,"HighGDP&StableInflation(8)"
"215","2011-12-31",2.0466113484231,0.285250188185749,4.63713994955974,"High","Low","HighLow","2011-12-31",7,"HighGDP&LowInflation(7)"
"216","2012-01-31",0.940634948637964,3.26903526491611,4.63713994955974,"High","High","HighHigh","2012-01-31",9,"HighGDP&HighInflation(9)"
"217","2012-02-29",5.56102831357845,2.56493534993545,3.13197106217797,"Stable","Stable","StableStable","2012-02-29",5,"StableGDPStableInflation(5)"
"218","2012-03-31",3.74785514314098,2.51216446443514,3.13197106217797,"Stable","Stable","StableStable","2012-03-31",5,"StableGDPStableInflation(5)"
"219","2012-04-30",2.92986884865367,1.99294602000811,3.13197106217797,"Stable","Stable","StableStable","2012-04-30",5,"StableGDPStableInflation(5)"
"220","2012-05-31",-0.760421438387537,-2.48181615885727,1.7208060452026,"Low","Low","LowLow","2012-05-31",1,"LowGDP&LowInflation(1)"
"221","2012-06-30",-9.15165890239746,-0.991635805572886,1.7208060452026,"Low","Low","LowLow","2012-06-30",1,"LowGDP&LowInflation(1)"
"222","2012-07-31",6.6466555667597,0.3465719136721,1.7208060452026,"Low","Low","LowLow","2012-07-31",1,"LowGDP&LowInflation(1)"
"223","2012-08-31",0.477160783393926,6.97143357102237,0.539792837830603,"Low","High","LowHigh","2012-08-31",3,"LowGDP&HighInflation(3)"
"224","2012-09-30",2.35258930720805,5.72551953305081,0.539792837830603,"Low","High","LowHigh","2012-09-30",3,"LowGDP&HighInflation(3)"
"225","2012-10-31",2.40043333238305,3.2361534965263,0.539792837830603,"Low","High","LowHigh","2012-10-31",3,"LowGDP&HighInflation(3)"
"226","2012-11-30",-0.867925053592811,-2.01521339331188,0.455492983118422,"Low","Low","LowLow","2012-11-30",1,"LowGDP&LowInflation(1)"
"227","2012-12-31",-1.04543316319007,-0.145297925612903,0.455492983118422,"Low","Low","LowLow","2012-12-31",1,"LowGDP&LowInflation(1)"
"228","2013-01-31",1.01390662693344,2.37694673061717,0.455492983118422,"Low","Stable","LowStable","2013-01-31",2,"LowGDP&StableInflation(2)"
"229","2013-02-28",6.56884574591379,6.51591210252121,3.54270035761748,"High","High","HighHigh","2013-02-28",9,"HighGDP&HighInflation(9)"
"230","2013-03-31",0.343393465637587,-3.37430292310797,3.54270035761748,"High","Low","HighLow","2013-03-31",7,"HighGDP&LowInflation(7)"
"231","2013-04-30",2.95056554695812,-2.50557511989744,3.54270035761748,"High","Low","HighLow","2013-04-30",7,"HighGDP&LowInflation(7)"
"232","2013-05-31",1.38770145596998,0.496986587401927,0.493585898131751,"Low","Low","LowLow","2013-05-31",1,"LowGDP&LowInflation(1)"
"233","2013-06-30",2.94508177636259,2.85648984661025,0.493585898131751,"Low","Stable","LowStable","2013-06-30",2,"LowGDP&StableInflation(2)"
"234","2013-07-31",-1.34177725886215,2.34894276065312,0.493585898131751,"Low","Stable","LowStable","2013-07-31",2,"LowGDP&StableInflation(2)"
"235","2013-08-31",5.63527764353073,2.86474881923564,3.13366066823631,"Stable","Stable","StableStable","2013-08-31",5,"StableGDPStableInflation(5)"
"236","2013-09-30",-4.33459050143998,0.452333630320175,3.13366066823631,"Stable","Low","StableLow","2013-09-30",4,"StableGDP&LowInflation(4)"
"237","2013-10-31",4.24772684075316,0.64227725824684,3.13366066823631,"Stable","Low","StableLow","2013-10-31",4,"StableGDP&LowInflation(4)"
"238","2013-11-30",3.66530021702436,2.21338731282275,3.19299575330636,"Stable","Stable","StableStable","2013-11-30",5,"StableGDPStableInflation(5)"
"239","2013-12-31",1.68558768630254,3.17300299017528,3.19299575330636,"Stable","High","StableHigh","2013-12-31",6,"StableGDP&HighInflation(6)"
"240","2014-01-31",2.66752217820676,2.90901034854422,3.19299575330636,"Stable","Stable","StableStable","2014-01-31",5,"StableGDPStableInflation(5)"
"241","2014-02-28",-5.37250490459809,1.32093434429303,-1.13082074640427,"Low","Low","LowLow","2014-02-28",1,"LowGDP&LowInflation(1)"
"242","2014-03-31",6.22311557788944,2.45046636127819,-1.13082074640427,"Low","Stable","LowStable","2014-03-31",2,"LowGDP&StableInflation(2)"
"243","2014-04-30",1.87553051724418,2.23702272611723,-1.13082074640427,"Low","Stable","LowStable","2014-04-30",2,"LowGDP&StableInflation(2)"
"244","2014-05-31",-0.253144403757366,2.28360708425673,5.41472532789612,"High","Stable","HighStable","2014-05-31",8,"HighGDP&StableInflation(8)"
"245","2014-06-30",2.08137140668145,1.58535864729563,5.41472532789612,"High","Stable","HighStable","2014-06-30",8,"HighGDP&StableInflation(8)"
"246","2014-07-31",2.59765981288926,1.35058234379147,5.41472532789612,"High","Low","HighLow","2014-07-31",7,"HighGDP&LowInflation(7)"
"247","2014-08-31",-2.67971897241033,-0.192001616855632,4.88372900829656,"High","Low","HighLow","2014-08-31",7,"HighGDP&LowInflation(7)"
"248","2014-09-30",4.21247142096526,0.0859092057609496,4.88372900829656,"High","Low","HighLow","2014-09-30",7,"HighGDP&LowInflation(7)"
"249","2014-10-31",-3.25779888200998,-0.237496683889372,4.88372900829656,"High","Low","HighLow","2014-10-31",7,"HighGDP&LowInflation(7)"
"250","2014-11-30",3.79310344827586,-2.2591921829592,2.25117495071592,"Stable","Low","StableLow","2014-11-30",4,"StableGDP&LowInflation(4)"
"251","2014-12-31",1.52444803607594,-3.70153133347115,2.25117495071592,"Stable","Low","StableLow","2014-12-31",4,"StableGDP&LowInflation(4)"
"252","2015-01-31",0.397500024567354,-7.64437973011866,2.25117495071592,"Stable","Low","StableLow","2015-01-31",4,"StableGDP&LowInflation(4)"
"253","2015-02-28",-1.29251068119863,3.0415724162609,3.13928021392711,"Stable","High","StableHigh","2015-02-28",6,"StableGDP&HighInflation(6)"
"254","2015-03-31",4.54311071446278,3.23274213697505,3.13928021392711,"Stable","High","StableHigh","2015-03-31",6,"StableGDP&HighInflation(6)"
"255","2015-04-30",-2.31677993673319,1.25097467539077,3.13928021392711,"Stable","Low","StableLow","2015-04-30",4,"StableGDP&LowInflation(4)"
"256","2015-05-31",1.77503301483726,3.95729440949599,2.96543844681943,"Stable","High","StableHigh","2015-05-31",6,"StableGDP&HighInflation(6)"
"257","2015-06-30",0.267144983398859,3.32150497255303,2.96543844681943,"Stable","High","StableHigh","2015-06-30",6,"StableGDP&HighInflation(6)"
"258","2015-07-31",-1.78652989761353,1.90358373622494,2.96543844681943,"Stable","Stable","StableStable","2015-07-31",5,"StableGDPStableInflation(5)"
"259","2015-08-31",1.13840594102572,-0.0050412966216584,1.32262655345221,"Low","Low","LowLow","2015-08-31",1,"LowGDP&LowInflation(1)"
"260","2015-09-30",-8.69436102289981,-2.69710502325306,1.32262655345221,"Low","Low","LowLow","2015-09-30",1,"LowGDP&LowInflation(1)"
"261","2015-10-31",0.185702969673751,1.18737842002887,1.32262655345221,"Low","Low","LowLow","2015-10-31",1,"LowGDP&LowInflation(1)"
"262","2015-11-30",8.65269319984709,1.43354098926102,0.130101993778703,"Low","Low","LowLow","2015-11-30",1,"LowGDP&LowInflation(1)"
"263","2015-12-31",-0.348423660038744,-1.29066411222728,0.130101993778703,"Low","Low","LowLow","2015-12-31",1,"LowGDP&LowInflation(1)"
"264","2016-01-31",-2.58531890919467,0.333107616472016,0.130101993778703,"Low","Low","LowLow","2016-01-31",1,"LowGDP&LowInflation(1)"
"265","2016-02-29",-5.19070478611179,-1.57929923852206,2.01356673705083,"Stable","Low","StableLow","2016-02-29",4,"StableGDP&LowInflation(4)"
"266","2016-03-31",1.85149308046351,2.40491086841196,2.01356673705083,"Stable","Stable","StableStable","2016-03-31",5,"StableGDPStableInflation(5)"
"267","2016-04-30",4.9347871908368,4.26068322198411,2.01356673705083,"Stable","High","StableHigh","2016-04-30",6,"StableGDP&HighInflation(6)"
"268","2016-05-31",0.508044445315425,3.03975547972444,1.88138650699027,"Low","Stable","LowStable","2016-05-31",2,"LowGDP&StableInflation(2)"
"269","2016-06-30",0.908590174162693,3.52823254259944,1.88138650699027,"Low","High","LowHigh","2016-06-30",3,"LowGDP&HighInflation(3)"
"270","2016-07-31",0.470975813580532,-0.164901059364459,1.88138650699027,"Low","Low","LowLow","2016-07-31",1,"LowGDP&LowInflation(1)"
"271","2016-08-31",3.07511827377975,2.41888126741387,2.16916466116764,"Stable","Stable","StableStable","2016-08-31",5,"StableGDPStableInflation(5)"
"272","2016-09-30",-0.0900236953561007,2.35915127080771,2.16916466116764,"Stable","Stable","StableStable","2016-09-30",5,"StableGDPStableInflation(5)"
"273","2016-10-31",-0.660146128527739,2.85230723281401,2.16916466116764,"Stable","Stable","StableStable","2016-10-31",5,"StableGDPStableInflation(5)"
"274","2016-11-30",-2.51479220419115,1.74804772368929,2.01086276831998,"Low","Stable","LowStable","2016-11-30",2,"LowGDP&StableInflation(2)"
"275","2016-12-31",3.26326953671117,3.56539238738322,2.01086276831998,"Low","High","LowHigh","2016-12-31",3,"LowGDP&HighInflation(3)"
"276","2017-01-31",2.25211135439476,4.96885197270837,2.01086276831998,"Low","High","LowHigh","2017-01-31",3,"LowGDP&HighInflation(3)"
"277","2017-02-28",1.98289677339822,1.53128423540407,2.26713848131796,"Stable","Stable","StableStable","2017-02-28",5,"StableGDPStableInflation(5)"
"278","2017-03-31",4.95733459881988,-1.50966282557747,2.26713848131796,"Stable","Low","StableLow","2017-03-31",4,"StableGDP&LowInflation(4)"
"279","2017-04-30",-1.59444461032506,1.65927433417728,2.26713848131796,"Stable","Stable","StableStable","2017-04-30",5,"StableGDPStableInflation(5)"
"280","2017-05-31",1.2583387154802,-0.649026051184579,2.13758732371795,"Stable","Low","StableLow","2017-05-31",4,"StableGDP&LowInflation(4)"
"281","2017-06-30",1.65836201434908,1.2446397677985,2.13758732371795,"Stable","Low","StableLow","2017-06-30",4,"StableGDP&LowInflation(4)"
"282","2017-07-31",-0.0766386781091422,0.732249702062835,2.13758732371795,"Stable","Low","StableLow","2017-07-31",4,"StableGDP&LowInflation(4)"
"283","2017-08-31",1.72527139100533,4.79355620313676,3.1631900653059,"Stable","High","StableHigh","2017-08-31",6,"StableGDP&HighInflation(6)"
"284","2017-09-30",-0.0194705663035033,5.58164563154286,3.1631900653059,"Stable","High","StableHigh","2017-09-30",6,"StableGDP&HighInflation(6)"
"285","2017-10-31",1.82064530564383,0.608655075168902,3.1631900653059,"Stable","Low","StableLow","2017-10-31",4,"StableGDP&LowInflation(4)"
"286","2017-11-30",1.58828340868491,3.71334712252101,3.49944652914366,"High","High","HighHigh","2017-11-30",9,"HighGDP&HighInflation(9)"
"287","2017-12-31",2.5400576830636,2.4938039000053,3.49944652914366,"High","Stable","HighStable","2017-12-31",8,"HighGDP&StableInflation(8)"
"288","2018-01-31",1.17000871158408,4.69160409446134,3.49944652914366,"High","High","HighHigh","2018-01-31",9,"HighGDP&HighInflation(9)"
"289","2018-02-28",4.9788397380452,3.17825220243081,2.5278259517934,"Stable","High","StableHigh","2018-02-28",6,"StableGDP&HighInflation(6)"
"290","2018-03-31",-5.18740574539301,-0.29822627517793,2.5278259517934,"Stable","Low","StableLow","2018-03-31",4,"StableGDP&LowInflation(4)"
"291","2018-04-30",-3.27621456586763,2.61734552729815,2.5278259517934,"Stable","Stable","StableStable","2018-04-30",5,"StableGDPStableInflation(5)"
"292","2018-05-31",2.50880387611203,3.27896398180484,3.46846290326617,"High","High","HighHigh","2018-05-31",9,"HighGDP&HighInflation(9)"
"293","2018-06-30",2.92084185979178,2.56623045004788,3.46846290326617,"High","Stable","HighStable","2018-06-30",8,"HighGDP&StableInflation(8)"
"294","2018-07-31",-0.142942952076097,1.46192311367334,3.46846290326617,"High","Low","HighLow","2018-07-31",7,"HighGDP&LowInflation(7)"
"295","2018-08-31",2.92158101924118,2.01843471898586,2.89459131251607,"Stable","Stable","StableStable","2018-08-31",5,"StableGDPStableInflation(5)"
"296","2018-09-30",3.17156173707183,1.6958774141045,2.89459131251607,"Stable","Stable","StableStable","2018-09-30",5,"StableGDPStableInflation(5)"
"297","2018-10-31",0.326982510738083,2.45460059224384,2.89459131251607,"Stable","Stable","StableStable","2018-10-31",5,"StableGDPStableInflation(5)"
"298","2018-11-30",-6.00444561977802,-0.545935745736404,1.08533090763109,"Low","Low","LowLow","2018-11-30",1,"LowGDP&LowInflation(1)"
"299","2018-12-31",1.78082608431169,-0.0427448528073769,1.08533090763109,"Low","Low","LowLow","2018-12-31",1,"LowGDP&LowInflation(1)"
"300","2019-01-31",-10.2555769719246,-0.489208519194216,1.08533090763109,"Low","Low","LowLow","2019-01-31",1,"LowGDP&LowInflation(1)"
"301","2019-02-28",8.48438937286942,2.99821817461875,3.06082748584035,"Stable","Stable","StableStable","2019-02-28",5,"StableGDPStableInflation(5)"
"302","2019-03-31",3.56357692883207,4.33207863149296,3.06082748584035,"Stable","High","StableHigh","2019-03-31",6,"StableGDP&HighInflation(6)"
"303","2019-04-30",2.09502639622119,4.00480135382429,3.06082748584035,"Stable","High","StableHigh","2019-04-30",6,"StableGDP&HighInflation(6)"
"304","2019-05-31",1.76609333043034,1.05435332603767,1.99878683050139,"Low","Low","LowLow","2019-05-31",1,"LowGDP&LowInflation(1)"
"305","2019-06-30",-5.63279336202561,1.10515858241864,1.99878683050139,"Low","Low","LowLow","2019-06-30",1,"LowGDP&LowInflation(1)"
"306","2019-07-31",7.5231437747969,3.21845561115406,1.99878683050139,"Low","High","LowHigh","2019-07-31",3,"LowGDP&HighInflation(3)"
"307","2019-08-31",-0.105425920719704,0.969982857388546,2.08711450930667,"Stable","Low","StableLow","2019-08-31",4,"StableGDP&LowInflation(4)"
"308","2019-09-30",-1.01878561879969,1.39995473947878,2.08711450930667,"Stable","Low","StableLow","2019-09-30",4,"StableGDP&LowInflation(4)"
"309","2019-10-31",0.164200110888402,2.97436017350446,2.08711450930667,"Stable","Stable","StableStable","2019-10-31",5,"StableGDPStableInflation(5)"
"310","2019-11-30",4.03937181097556,2.77573679484026,2.10987729165543,"Stable","Stable","StableStable","2019-11-30",5,"StableGDPStableInflation(5)"
"311","2019-12-31",1.39490467582961,2.88568946257914,2.10987729165543,"Stable","Stable","StableStable","2019-12-31",5,"StableGDPStableInflation(5)"
"312","2020-01-31",3.55667675748401,1.7458327529367,2.10987729165543,"Stable","Stable","StableStable","2020-01-31",5,"StableGDPStableInflation(5)"
"313","2020-02-29",0.896795442291332,1.06637817788433,-5.09015465116218,"Low","Low","LowLow","2020-02-29",1,"LowGDP&LowInflation(1)"
"314","2020-03-31",-4.96499106668599,-5.08164447017967,-5.09015465116218,"Low","Low","LowLow","2020-03-31",1,"LowGDP&LowInflation(1)"
"315","2020-04-30",-20.8199531184369,-9.5412730226047,-5.09015465116218,"Low","Low","LowLow","2020-04-30",1,"LowGDP&LowInflation(1)"
"316","2020-05-31",0,-0.628365546185717,-5.09015465116218,"Low","Low","LowLow","2020-05-31",1,"LowGDP&LowInflation(1)"
