,Return,APINFLATION,APRGDP,phase_GDP,phase_INFLATION,phase,Date
1994-02-28,2.598546575644134,3.2809295967188836,3.8808651112485464,High,High,HighHigh,1994-02-28
1994-03-31,-2.706827883904517,3.2719836400818463,3.8808651112485464,High,High,HighHigh,1994-03-31
1994-04-30,-4.147465437788012,0.8157715839564459,3.8808651112485464,High,Low,HighLow,1994-04-30
1994-05-31,1.9077332242225742,2.4456521739131367,5.420183465348868,High,Stable,HighStable,1994-05-31
1994-06-30,0.11543287327477891,3.254237288135639,5.420183465348868,High,High,HighHigh,1994-06-30
1994-07-31,-2.4238018849007337,4.056795131845842,5.420183465348868,High,High,HighHigh,1994-07-31
1994-08-31,3.2572118472090184,4.851752021563295,2.338060964156234,Stable,High,StableHigh,1994-08-31
1994-09-30,3.4828469786302385,2.4161073825504267,2.338060964156234,Stable,Stable,StableStable,1994-09-30
1994-10-31,-1.8414789528091058,0.8037508372404097,2.338060964156234,Stable,Low,StableLow,1994-10-31
1994-11-30,1.5429453111606373,3.2128514056225352,4.582097779787045,High,High,HighHigh,1994-11-30
1994-12-31,-3.5286172547695394,2.403204272363014,4.582097779787045,High,Stable,HighStable,1994-12-31
1995-01-31,2.2176108805440187,3.1978680879414174,4.582097779787045,High,High,HighHigh,1995-01-31
1995-02-28,2.4850189556071767,3.189368770764165,1.4190245690900352,Low,High,LowHigh,1995-02-28
1995-03-31,3.2147204124006734,2.3856858846917137,1.4190245690900352,Low,Stable,LowStable,1995-03-31
1995-04-30,3.1053459119496862,4.761904761904943,1.4190245690900352,Low,High,LowHigh,1995-04-30
1995-05-31,2.475835931017456,2.3715415019761497,1.1933635088590606,Low,Stable,LowStable,1995-05-31
1995-06-30,3.8647554437028164,2.3668639053255336,1.1933635088590606,Low,Stable,LowStable,1995-06-30
1995-07-31,2.7074861465202993,1.5748031496062096,1.1933635088590606,Low,Stable,LowStable,1995-07-31
1995-08-31,1.907848849136351,2.3591087811272193,3.4027101398568003,Stable,Stable,StableStable,1995-08-31
1995-09-30,1.05483533295756,1.5696533682144298,3.4027101398568003,Stable,Stable,StableStable,1995-09-30
1995-10-31,4.077689243027893,3.1352057478772495,3.4027101398568003,Stable,High,StableHigh,1995-10-31
1995-11-30,1.069917890022376,1.5635179153093572,2.71608411016915,Stable,Stable,StableStable,1995-11-30
1995-12-31,3.6037571488088727,1.56148340923891,2.71608411016915,Stable,Stable,StableStable,1995-12-31
1996-01-31,1.2301449487287286,6.23781676413242,2.71608411016915,Stable,High,StableHigh,1996-01-31
1996-02-29,3.4036329493337014,2.3270846800259446,2.995787278912223,Stable,Stable,StableStable,1996-02-29
1996-03-31,1.409188537901418,3.870967741935484,2.995787278912223,Stable,High,StableHigh,1996-03-31
1996-04-30,0.9350139477218633,4.630225080385808,2.995787278912223,Stable,High,StableHigh,1996-04-30
1996-05-31,0.35484586382790173,2.306213965406878,6.67138970461537,High,Stable,HighStable,1996-05-31
1996-06-30,2.687632809179763,2.3017902813297924,6.67138970461537,High,Stable,HighStable,1996-06-30
1996-07-31,1.5875906366917159,2.2973835354180836,6.67138970461537,High,Stable,HighStable,1996-07-31
1996-08-31,-3.48244113093783,1.5286624203820784,3.5879655096477605,High,Stable,HighStable,1996-08-31
1996-09-30,0.030391031269005886,3.816793893129771,3.5879655096477605,High,High,HighHigh,1996-09-30
1996-10-31,6.020659622590552,3.804692454026633,3.5879655096477605,High,High,HighHigh,1996-10-31
1996-11-30,1.7703341664941918,3.792667509481669,4.1535279521195445,High,High,HighHigh,1996-11-30
1996-12-31,7.128666405944473,3.024574669187189,4.1535279521195445,High,Stable,HighStable,1996-12-31
1997-01-31,-1.217838264069393,2.2627278441232788,4.1535279521195445,High,Stable,HighStable,1997-01-31
1997-02-28,6.077045884579002,2.2584692597238365,2.582257459616538,Stable,Stable,StableStable,1997-02-28
1997-03-31,1.438147131370271,0.7514088916720557,2.582257459616538,Stable,Low,StableLow,1997-03-31
1997-04-30,-4.872855160665457,0.7509386733416343,2.582257459616538,Stable,Low,StableLow,1997-04-30
1997-05-31,5.0935821154179495,0.0,6.648005815365658,High,Low,HighLow,1997-05-31
1997-06-30,6.394030589108302,2.251407129455782,6.648005815365658,High,Stable,HighStable,1997-06-30
1997-07-31,4.986825790452576,1.4981273408240978,6.648005815365658,High,Stable,HighStable,1997-07-31
1997-08-31,6.412007135387832,2.992518703241938,5.0033921317362795,High,Stable,HighStable,1997-08-31
1997-09-30,-5.059134998901693,2.9850746268655017,5.0033921317362795,High,Stable,HighStable,1997-09-30
1997-10-31,5.999683394016153,2.2332506203474796,5.0033921317362795,High,Stable,HighStable,1997-10-31
1997-11-30,-1.3705082253469447,1.4860681114550238,3.4352660500036194,High,Stable,HighStable,1997-11-30
1997-12-31,4.176809737347864,0.7421150278294824,3.4352660500036194,High,Low,HighLow,1997-12-31
1998-01-31,0.4237430261289754,1.4833127317675299,3.4352660500036194,High,Stable,HighStable,1998-01-31
1998-02-28,2.5718102872411386,0.0,3.997919660057524,High,Low,HighLow,1998-02-28
1998-03-31,4.628242700531859,0.0,3.997919660057524,High,Low,HighLow,1998-03-31
1998-04-30,5.806377990331346,1.4814814814813972,3.997919660057524,High,Stable,HighStable,1998-04-30
1998-05-31,0.3206165249874937,2.959309494451337,3.703228552309243,High,Stable,HighStable,1998-05-31
1998-06-30,-2.69454055004984,1.4760147601477276,3.703228552309243,High,Stable,HighStable,1998-06-30
1998-07-31,5.470013358644432,2.9484029484027805,3.703228552309243,High,Stable,HighStable,1998-07-31
1998-08-31,-3.737846048358673,1.470588235294243,5.010269609058168,High,Low,HighLow,1998-08-31
1998-09-30,-10.633940760966343,0.7343941248469593,5.010269609058168,High,Low,HighLow,1998-09-30
1998-10-31,-1.0040627456189943,2.9357798165138034,5.010269609058168,High,Stable,HighStable,1998-10-31
1998-11-30,13.928835014425346,1.4643075045758778,6.46352091623171,High,Low,HighLow,1998-11-30
1998-12-31,5.4837949785045526,2.193784277879425,6.46352091623171,High,Stable,HighStable,1998-12-31
1999-01-31,4.883268663521578,2.189781021897686,6.46352091623171,High,Stable,HighStable,1999-01-31
1999-02-28,2.8771170276000735,0.0,3.7858875233987033,High,Low,HighLow,1999-02-28
1999-03-31,-3.224387719903399,0.728597449909091,3.7858875233987033,High,Low,HighLow,1999-03-31
1999-04-30,4.430543302946877,8.009708737864035,3.7858875233987033,High,High,HighHigh,1999-04-30
1999-05-31,4.587304702499284,0.7233273056057454,3.076634567932882,Stable,Low,StableLow,1999-05-31
1999-06-30,-3.9169773760086124,0.0,3.076634567932882,Stable,Low,StableLow,1999-06-30
1999-07-31,5.369030636505667,5.060240963855339,3.076634567932882,Stable,High,StableHigh,1999-07-31
1999-08-31,-3.6634405396040015,2.8794241151770055,5.238659335127357,High,Stable,HighStable,1999-08-31
1999-09-30,0.37559078171400806,5.026929982046801,5.238659335127357,High,High,HighHigh,1999-09-30
1999-10-31,-4.288547760721373,2.1454112038139423,5.238659335127357,High,Stable,HighStable,1999-10-31
1999-11-30,5.971370855391478,2.1415823914337517,6.7983401231284795,High,Stable,HighStable,1999-11-30
1999-12-31,3.880663237638249,2.8503562945368572,6.7983401231284795,High,Stable,HighStable,1999-12-31
2000-01-31,4.263262384421296,3.5545023696682465,6.7983401231284795,High,High,HighHigh,2000-01-31
2000-02-29,-2.7355692275013443,4.9616066154754055,1.4470406076662776,Low,High,LowHigh,2000-02-29
2000-03-31,-1.5014078135602515,7.0588235294117645,1.4470406076662776,Low,High,LowHigh,2000-03-31
2000-04-30,6.41707842391992,-0.7017543859648723,1.4470406076662776,Low,Low,LowLow,2000-04-30
2000-05-31,-3.4674683016846286,2.106495026331068,7.324658688184386,High,Stable,HighStable,2000-05-31
2000-06-30,-1.8368636882187817,7.009345794392524,7.324658688184386,High,High,HighHigh,2000-06-30
2000-07-31,2.577169824655079,3.484320557491289,7.324658688184386,High,High,HighHigh,2000-07-31
2000-08-31,-2.6479166507184293,0.0,0.5342211387387261,Low,Low,LowLow,2000-08-31
2000-09-30,6.837983203849918,6.253618992472536,0.5342211387387261,Low,High,LowHigh,2000-09-30
2000-10-31,-5.304413106839001,2.073732718894088,0.5342211387387261,Low,Stable,LowStable,2000-10-31
2000-11-30,-1.1091162045996805,2.070155261644506,2.4915583576452183,Stable,Stable,StableStable,2000-11-30
2000-12-31,-8.326390744612278,2.7554535017221977,2.4915583576452183,Stable,Stable,StableStable,2000-12-31
2001-01-31,1.1822702331961477,6.872852233676976,2.4915583576452183,Stable,High,StableHigh,2001-01-31
2001-02-28,3.2774383785661554,2.733485193621907,-1.1407106184334357,Low,Stable,LowStable,2001-02-28
2001-03-31,-9.549008507880242,0.681818181818143,-1.1407106184334357,Low,Low,LowLow,2001-03-31
2001-04-30,-8.335752122487483,2.044293015332275,-1.1407106184334357,Low,Stable,LowStable,2001-04-30
2001-05-31,10.600843080211364,6.122448979591875,2.338223160340235,Stable,High,StableHigh,2001-05-31
2001-06-30,-0.29882527668180225,2.7072758037223497,2.338223160340235,Stable,Stable,StableStable,2001-06-30
2001-07-31,-1.7112808133743718,-2.025886325267189,2.338223160340235,Stable,Low,StableLow,2001-07-31
2001-08-31,-1.7556833744179712,0.0,-1.6601523731156043,Low,Low,LowLow,2001-08-31
2001-09-30,-5.692008884180389,4.735062006764297,-1.6601523731156043,Low,High,LowHigh,2001-09-30
2001-10-31,-7.899923139078857,-3.3688938798427848,-1.6601523731156043,Low,Low,LowLow,2001-10-31
2001-11-30,4.307494784143806,-0.6756756756756372,1.0894854910430827,Low,Low,LowLow,2001-11-30
2001-12-31,3.8085566872839482,-0.6760563380281306,1.0894854910430827,Low,Low,LowLow,2001-12-31
2002-01-31,1.8655389115054932,2.029312288613188,1.0894854910430827,Low,Stable,LowStable,2002-01-31
2002-02-28,-1.9497148178326151,2.0258863252673813,3.498056865147107,High,Stable,HighStable,2002-02-28
2002-03-31,1.1238400506519364,3.3707865168539324,3.498056865147107,High,High,HighHigh,2002-03-31
2002-04-30,1.5838697685339076,5.3781512605042785,3.498056865147107,High,High,HighHigh,2002-04-30
2002-05-31,-3.8136695012375044,1.3385387618515692,2.422930145117531,Stable,Low,StableLow,2002-05-31
2002-06-30,-4.010933448141207,0.6685236768801849,2.422930145117531,Stable,Low,StableLow,2002-06-30
2002-07-31,-6.9019828728186905,2.6726057906459175,2.422930145117531,Stable,Stable,StableStable,2002-07-31
2002-08-31,-7.558204674300306,3.3333333333333335,1.7782853316982945,Low,High,LowHigh,2002-08-31
2002-09-30,3.471178552382792,1.9944598337950894,1.7782853316982945,Low,Stable,LowStable,2002-09-30
2002-10-31,-6.712973808742917,2.6548672566370173,1.7782853316982945,Low,Stable,LowStable,2002-10-31
2002-11-30,5.09787672178903,1.9867549668874926,0.6192905459506827,Low,Stable,LowStable,2002-11-30
2002-12-31,2.6152614664102014,1.9834710743802404,0.6192905459506827,Low,Stable,LowStable,2002-12-31
2003-01-31,-4.756083362440333,5.280528052805169,0.6192905459506827,Low,High,LowHigh,2003-01-31
2003-02-28,-2.4093881792066396,6.571741511500548,2.21906696584244,Stable,High,StableHigh,2003-02-28
2003-03-31,-2.823358468822812,1.9607843137255647,2.21906696584244,Stable,Stable,StableStable,2003-03-31
2003-04-30,2.5393142562516235,-4.567699836867973,2.21906696584244,Stable,Low,StableLow,2003-04-30
2003-05-31,6.089252042740423,-1.9650655021832948,3.441039270724962,High,Low,HighLow,2003-05-31
2003-06-30,6.232670568997789,1.3121924548933097,3.441039270724962,High,Low,HighLow,2003-06-30
2003-07-31,1.6150980435898132,3.9322774440196246,3.441039270724962,High,High,HighHigh,2003-07-31
2003-08-31,-0.3556453206296273,5.225911812738235,6.792837720101684,High,High,HighHigh,2003-08-31
2003-09-30,2.816761770473031,3.902439024390207,6.792837720101684,High,High,HighHigh,2003-09-30
2003-10-31,1.304976696844684,-1.2965964343597318,6.792837720101684,High,Low,HighLow,2003-10-31
2003-11-30,4.189184901589593,0.6489994591670805,4.592668197012633,High,Low,HighLow,2003-11-30
2003-12-31,1.554093834378878,3.2432432432432434,4.592668197012633,High,High,HighHigh,2003-12-31
2004-01-31,3.2775251136988315,5.175202156334305,4.592668197012633,High,High,HighHigh,2004-01-31
2004-02-29,2.1921334830242722,2.5764895330111255,2.1349892493413654,Stable,Stable,StableStable,2004-02-29
2004-03-31,2.499313375446288,2.570969469737584,2.1349892493413654,Stable,Stable,StableStable,2004-03-31
2004-04-30,-1.5864656096389207,1.9241047568146108,2.1349892493413654,Stable,Stable,StableStable,2004-04-30
2004-05-31,-1.4364713503769555,5.122732123799251,3.0483054566555574,Stable,High,StableHigh,2004-05-31
2004-06-30,0.13240491136492505,4.463336875664296,3.0483054566555574,Stable,High,StableHigh,2004-06-30
2004-07-31,0.5393835616438247,1.2705134992058567,3.0483054566555574,Stable,Low,StableLow,2004-07-31
2004-08-31,-2.403323019860515,0.6345848757270924,3.781312190224266,High,Low,HighLow,2004-08-31
2004-09-30,0.40912484124600024,3.805496828752787,3.781312190224266,High,High,HighHigh,2004-09-30
2004-10-31,1.838387934613639,6.322444678609063,3.781312190224266,High,High,HighHigh,2004-10-31
2004-11-30,-0.22375394650765434,5.660377358490422,4.006696447089099,High,High,HighHigh,2004-11-30
2004-12-31,5.49141461653222,0.0,4.006696447089099,High,Low,HighLow,2004-12-31
2005-01-31,1.4178136484831017,-0.6259780907667876,4.006696447089099,High,Low,HighLow,2005-01-31
2005-02-28,-0.6439293010036429,5.01043841336124,4.42785414468949,High,High,HighHigh,2005-02-28
2005-03-31,1.8030661958610583,4.365904365904295,4.42785414468949,High,High,HighHigh,2005-03-31
2005-04-30,-2.8468063434080704,3.728638011393025,4.42785414468949,High,High,HighHigh,2005-04-30
2005-05-31,-0.657989877078835,-0.6195147134744098,1.8462452481457405,Low,Low,LowLow,2005-05-31
2005-06-30,3.708421282480545,0.6198347107437665,1.8462452481457405,Low,Low,LowLow,2005-06-30
2005-07-31,-0.3956556830543745,7.434176561693445,1.8462452481457405,Low,High,LowHigh,2005-07-31
2005-08-31,3.5151536503518654,7.388404309902444,3.565335393740933,High,High,HighHigh,2005-08-31
2005-09-30,-0.9835953985433243,16.522182559918512,3.565335393740933,High,High,HighHigh,2005-09-30
2005-10-31,0.6367511085140887,1.810865191146778,3.565335393740933,High,Stable,HighStable,2005-10-31
2005-11-30,-2.2209319204529177,-6.027122049221497,2.5258524982611337,Stable,Low,StableLow,2005-11-30
2005-12-31,4.93572726002518,0.0,2.5258524982611337,Stable,Low,StableLow,2005-12-31
2006-01-31,-1.1018275024133661,7.26905603230702,2.5258524982611337,Stable,High,StableHigh,2006-01-31
2006-02-28,3.006563446650956,0.6021073758153195,5.321148498230938,High,Low,HighLow,2006-02-28
2006-03-31,0.6077785856077211,1.8054162487461363,5.321148498230938,High,Stable,HighStable,2006-03-31
2006-04-30,0.6958597562461089,6.009013520280421,5.321148498230938,High,High,HighHigh,2006-04-30
2006-05-31,0.40559936781330297,3.587443946188477,0.9347989582253482,Low,High,LowHigh,2006-05-31
2006-06-30,-1.4993936570910082,2.9806259314456036,0.9347989582253482,Low,Stable,LowStable,2006-06-30
2006-07-31,-0.15572768039135987,6.541129831516318,0.9347989582253482,Low,High,LowHigh,2006-07-31
2006-08-31,-1.0003348059350436,5.322819122720586,0.6185311681823694,Low,High,LowHigh,2006-08-31
2006-09-30,3.24166487948927,-5.888125613346418,0.6185311681823694,Low,Low,LowLow,2006-09-30
2006-10-31,1.2064171806589696,-5.325443786982282,0.6185311681823694,Low,Low,LowLow,2006-10-31
2006-11-30,2.920883527795759,0.5943536404160137,3.4074609196386123,High,Low,HighLow,2006-11-30
2006-12-31,2.852562627517763,6.534653465346501,3.4074609196386123,High,High,HighHigh,2006-12-31
2007-01-31,1.337877443266966,1.991137370753427,3.4074609196386123,High,Stable,HighStable,2007-01-31
2007-02-28,2.784666671572711,4.654020655043009,0.9419724281565252,Low,High,LowHigh,2007-02-28
2007-03-31,-2.6999162317159597,6.240145720916926,0.9419724281565252,Low,High,LowHigh,2007-03-31
2007-04-30,1.5268579838116247,3.6007949807102744,0.9419724281565252,Low,High,LowHigh,2007-04-30
2007-05-31,3.633991665156744,4.959592819954758,2.291489601201182,Stable,High,StableHigh,2007-05-31
2007-06-30,3.421941547951235,2.7801020531547778,2.291489601201182,Stable,Stable,StableStable,2007-06-30
2007-07-31,-1.2036623794647094,2.1367150178057925,2.291489601201182,Stable,Stable,StableStable,2007-07-31
2007-08-31,-3.6029623139998024,0.3699368506236695,2.173085309186853,Stable,Low,StableLow,2007-08-31
2007-09-30,1.0409122537951232,5.085064068918001,2.173085309186853,Stable,High,StableHigh,2007-09-30
2007-10-31,4.922560152912081,3.6998853975362915,2.173085309186853,Stable,High,StableHigh,2007-10-31
2007-11-30,-1.715234848535585,9.430661121468553,2.4313676529216877,Stable,High,StableHigh,2007-11-30
2007-12-31,-2.251478725434075,3.477617462079115,2.4313676529216877,Stable,High,StableHigh,2007-12-31
2008-01-31,-0.29837427846406417,4.137246092364521,2.4313676529216877,Stable,High,StableHigh,2008-01-31
2008-02-29,-4.756111204340774,2.9013922535277943,-2.298799382082171,Low,Stable,LowStable,2008-02-29
2008-03-31,-4.16844083574377,4.293633367342435,-2.298799382082171,Low,High,LowHigh,2008-03-31
2008-04-30,2.5288043145186068,2.7772572242421285,-2.298799382082171,Low,Stable,LowStable,2008-04-30
2008-05-31,2.758579466066946,7.100989987940606,2.065548394803473,Stable,High,StableHigh,2008-05-31
2008-06-30,-0.850002544917805,12.573882011821096,2.065548394803473,Stable,High,StableHigh,2008-06-30
2008-07-31,-6.927984746259885,8.569733701825124,2.065548394803473,Stable,High,StableHigh,2008-07-31
2008-08-31,-1.7791715584691947,-1.7861708733608144,-2.1654223622341986,Low,Low,LowLow,2008-08-31
2008-09-30,1.6661987084352736,1.0261100187480645,-2.1654223622341986,Low,Low,LowLow,2008-09-30
2008-10-31,-9.587949373481042,-10.318123877794406,-2.1654223622341986,Low,Low,LowLow,2008-10-31
2008-11-30,-17.20180483675303,-21.24657250167062,-8.655244975563955,Low,Low,LowLow,2008-11-30
2008-12-31,-15.911079254988358,-9.880226879283867,-8.655244975563955,Low,Low,LowLow,2008-12-31
2009-01-31,11.289109506618544,3.036925609513789,-8.655244975563955,Low,Stable,LowStable,2009-01-31
2009-02-28,-8.273073370728302,4.371192782624809,-4.490780189779143,Low,High,LowHigh,2009-02-28
2009-03-31,-14.58796370200277,-1.1847394278461227,-4.490780189779143,Low,Low,LowLow,2009-03-31
2009-04-30,15.00783530054488,1.2084990235064277,-4.490780189779143,Low,Low,LowLow,2009-04-30
2009-05-31,8.42042102105105,1.7657927027066083,-0.5759589969345437,Low,Stable,LowStable,2009-05-31
2009-06-30,7.398653322879678,9.95953469594674,-0.5759589969345437,Low,High,LowHigh,2009-06-30
2009-07-31,-2.1202589399778815,-0.35755854555608524,-0.5759589969345437,Low,Low,LowLow,2009-07-31
2009-08-31,8.657073288437477,4.01814405335168,1.4564444030662527,Low,High,LowHigh,2009-08-31
2009-09-30,-0.5349914704189995,2.3170646800807453,1.4564444030662527,Low,Stable,LowStable,2009-09-30
2009-10-31,3.529638612906827,3.602318158444691,1.4564444030662527,Low,High,LowHigh,2009-10-31
2009-11-30,1.091996275057583,4.0183087077211255,4.393536416809265,High,High,HighHigh,2009-11-30
2009-12-31,6.094309069223991,0.6242116795713353,4.393536416809265,High,Low,HighLow,2009-12-31
2010-01-31,0.9230994205494669,0.778478653949626,4.393536416809265,High,Low,HighLow,2010-01-31
2010-02-28,-2.0158661160617264,-1.1421319796955531,1.539118958784853,Low,Low,LowLow,2010-02-28
2010-03-31,2.8457087931385017,0.39764176343077984,1.539118958784853,Low,Low,LowLow,2010-03-31
2010-04-30,5.497991498692456,0.2760486397703903,1.539118958784853,Low,Low,LowLow,2010-04-30
2010-05-31,2.1201925124579413,-0.6237264435173363,3.6881132159314647,High,Low,HighLow,2010-05-31
2010-06-30,-10.835474291815405,-0.502554190252546,3.6881132159314647,High,Low,HighLow,2010-06-30
2010-07-31,-3.8168653058169744,2.243104250019443,3.6881132159314647,High,Stable,HighStable,2010-07-31
2010-08-31,9.477308537747753,1.7536361756394128,2.9488450967350825,Stable,Stable,StableStable,2010-08-31
2010-09-30,-3.7358517386591794,1.9382993075536068,2.9488450967350825,Stable,Stable,StableStable,2010-09-30
2010-10-31,6.216717580500775,4.1782155537738594,2.9488450967350825,Stable,High,StableHigh,2010-10-31
2010-11-30,3.4399464762053578,3.0406099481818347,2.007610148745241,Low,Stable,LowStable,2010-11-30
2010-12-31,1.9076338955715366,4.819891616193843,2.007610148745241,Low,High,LowHigh,2010-12-31
2011-01-31,5.2695785491142955,3.8916506404441567,2.007610148745241,Low,High,LowHigh,2011-01-31
2011-02-28,2.558099473816089,3.857369556076899,-0.9617650093250522,Low,High,LowHigh,2011-02-28
2011-03-31,0.029775765580741798,6.208257848200504,-0.9617650093250522,Low,High,LowHigh,2011-03-31
2011-04-30,2.2035140209742066,5.6329187701191525,-0.9617650093250522,Low,High,LowHigh,2011-04-30
2011-05-31,2.2366603188827883,3.818057681409025,2.859893307054954,Stable,High,StableHigh,2011-05-31
2011-06-30,-3.1840759678597452,0.0,2.859893307054954,Stable,Low,StableLow,2011-06-30
2011-07-31,1.6477920039836613,3.1440441981087357,2.859893307054954,Stable,High,StableHigh,2011-07-31
2011-08-31,-3.9042493969196457,3.7853545997026603,-0.11111464979424175,Low,High,LowHigh,2011-08-31
2011-09-30,-6.407137064071378,2.605857429701187,-0.11111464979424175,Low,Stable,LowStable,2011-09-30
2011-10-31,-9.286126929107862,0.810249032423156,-0.11111464979424175,Low,Low,LowLow,2011-10-31
2011-11-30,11.175603631798236,2.2174200661522088,4.637139949559735,High,Stable,HighStable,2011-11-30
2011-12-31,2.0466113484230997,0.2852501881857487,4.637139949559735,High,Low,HighLow,2011-12-31
2012-01-31,0.9406349486379639,3.2690352649161127,4.637139949559735,High,High,HighHigh,2012-01-31
2012-02-29,5.561028313578453,2.564935349935454,3.13197106217797,Stable,Stable,StableStable,2012-02-29
2012-03-31,3.747855143140977,2.512164464435137,3.13197106217797,Stable,Stable,StableStable,2012-03-31
2012-04-30,2.9298688486536717,1.9929460200081053,3.13197106217797,Stable,Stable,StableStable,2012-04-30
2012-05-31,-0.7604214383875374,-2.4818161588572716,1.7208060452026035,Low,Low,LowLow,2012-05-31
2012-06-30,-9.151658902397465,-0.9916358055728862,1.7208060452026035,Low,Low,LowLow,2012-06-30
2012-07-31,6.646655566759696,0.3465719136721001,1.7208060452026035,Low,Low,LowLow,2012-07-31
2012-08-31,0.4771607833939262,6.97143357102237,0.5397928378306027,Low,High,LowHigh,2012-08-31
2012-09-30,2.352589307208053,5.725519533050809,0.5397928378306027,Low,High,LowHigh,2012-09-30
2012-10-31,2.400433332383045,3.2361534965262977,0.5397928378306027,Low,High,LowHigh,2012-10-31
2012-11-30,-0.8679250535928107,-2.0152133933118828,0.4554929831184221,Low,Low,LowLow,2012-11-30
2012-12-31,-1.0454331631900682,-0.1452979256129026,0.4554929831184221,Low,Low,LowLow,2012-12-31
2013-01-31,1.0139066269334363,2.3769467306171683,0.4554929831184221,Low,Stable,LowStable,2013-01-31
2013-02-28,6.568845745913787,6.515912102521212,3.5427003576174823,High,High,HighHigh,2013-02-28
2013-03-31,0.343393465637587,-3.3743029231079706,3.5427003576174823,High,Low,HighLow,2013-03-31
2013-04-30,2.950565546958117,-2.5055751198974368,3.5427003576174823,High,Low,HighLow,2013-04-30
2013-05-31,1.3877014559699807,0.4969865874019265,0.4935858981317508,Low,Low,LowLow,2013-05-31
2013-06-30,2.9450817763625903,2.856489846610251,0.4935858981317508,Low,Stable,LowStable,2013-06-30
2013-07-31,-1.3417772588621535,2.348942760653122,0.4935858981317508,Low,Stable,LowStable,2013-07-31
2013-08-31,5.635277643530734,2.8647488192356367,3.1336606682363057,Stable,Stable,StableStable,2013-08-31
2013-09-30,-4.334590501439983,0.4523336303201749,3.1336606682363057,Stable,Low,StableLow,2013-09-30
2013-10-31,4.247726840753163,0.64227725824684,3.1336606682363057,Stable,Low,StableLow,2013-10-31
2013-11-30,3.6653002170243587,2.2133873128227526,3.1929957533063638,Stable,Stable,StableStable,2013-11-30
2013-12-31,1.6855876863025365,3.1730029901752834,3.1929957533063638,Stable,High,StableHigh,2013-12-31
2014-01-31,2.6675221782067604,2.909010348544225,3.1929957533063638,Stable,Stable,StableStable,2014-01-31
2014-02-28,-5.3725049045980855,1.320934344293026,-1.1308207464042659,Low,Low,LowLow,2014-02-28
2014-03-31,6.223115577889438,2.4504663612781887,-1.1308207464042659,Low,Stable,LowStable,2014-03-31
2014-04-30,1.8755305172441838,2.2370227261172286,-1.1308207464042659,Low,Stable,LowStable,2014-04-30
2014-05-31,-0.253144403757366,2.28360708425673,5.414725327896124,High,Stable,HighStable,2014-05-31
2014-06-30,2.0813714066814537,1.585358647295629,5.414725327896124,High,Stable,HighStable,2014-06-30
2014-07-31,2.5976598128892636,1.3505823437914737,5.414725327896124,High,Low,HighLow,2014-07-31
2014-08-31,-2.6797189724103276,-0.19200161685563244,4.88372900829656,High,Low,HighLow,2014-08-31
2014-09-30,4.212471420965258,0.08590920576094958,4.88372900829656,High,Low,HighLow,2014-09-30
2014-10-31,-3.257798882009977,-0.23749668388937223,4.88372900829656,High,Low,HighLow,2014-10-31
2014-11-30,3.7931034482758585,-2.2591921829592017,2.251174950715921,Stable,Low,StableLow,2014-11-30
2014-12-31,1.5244480360759427,-3.7015313334711495,2.251174950715921,Stable,Low,StableLow,2014-12-31
2015-01-31,0.39750002456735434,-7.644379730118664,2.251174950715921,Stable,Low,StableLow,2015-01-31
2015-02-28,-1.292510681198633,3.041572416260905,3.1392802139271065,Stable,High,StableHigh,2015-02-28
2015-03-31,4.543110714462784,3.2327421369750544,3.1392802139271065,Stable,High,StableHigh,2015-03-31
2015-04-30,-2.316779936733193,1.2509746753907651,3.1392802139271065,Stable,Low,StableLow,2015-04-30
2015-05-31,1.7750330148372573,3.957294409495989,2.965438446819434,Stable,High,StableHigh,2015-05-31
2015-06-30,0.2671449833988593,3.321504972553033,2.965438446819434,Stable,High,StableHigh,2015-06-30
2015-07-31,-1.7865298976135313,1.903583736224944,2.965438446819434,Stable,Stable,StableStable,2015-07-31
2015-08-31,1.138405941025722,-0.005041296621658401,1.3226265534522088,Low,Low,LowLow,2015-08-31
2015-09-30,-8.69436102289981,-2.6971050232530613,1.3226265534522088,Low,Low,LowLow,2015-09-30
2015-10-31,0.1857029696737511,1.1873784200288693,1.3226265534522088,Low,Low,LowLow,2015-10-31
2015-11-30,8.652693199847095,1.4335409892610205,0.13010199377870343,Low,Low,LowLow,2015-11-30
2015-12-31,-0.3484236600387436,-1.2906641122272788,0.13010199377870343,Low,Low,LowLow,2015-12-31
2016-01-31,-2.585318909194667,0.3331076164720161,0.13010199377870343,Low,Low,LowLow,2016-01-31
2016-02-29,-5.190704786111788,-1.5792992385220594,2.0135667370508283,Stable,Low,StableLow,2016-02-29
2016-03-31,1.8514930804635066,2.404910868411963,2.0135667370508283,Stable,Stable,StableStable,2016-03-31
2016-04-30,4.934787190836798,4.260683221984111,2.0135667370508283,Stable,High,StableHigh,2016-04-30
2016-05-31,0.5080444453154254,3.0397554797244446,1.8813865069902693,Low,Stable,LowStable,2016-05-31
2016-06-30,0.9085901741626934,3.5282325425994374,1.8813865069902693,Low,High,LowHigh,2016-06-30
2016-07-31,0.470975813580532,-0.16490105936445865,1.8813865069902693,Low,Low,LowLow,2016-07-31
2016-08-31,3.0751182737797533,2.418881267413865,2.169164661167639,Stable,Stable,StableStable,2016-08-31
2016-09-30,-0.09002369535610066,2.3591512708077125,2.169164661167639,Stable,Stable,StableStable,2016-09-30
2016-10-31,-0.6601461285277388,2.852307232814015,2.169164661167639,Stable,Stable,StableStable,2016-10-31
2016-11-30,-2.514792204191152,1.7480477236892937,2.0108627683199796,Low,Stable,LowStable,2016-11-30
2016-12-31,3.2632695367111664,3.5653923873832176,2.0108627683199796,Low,High,LowHigh,2016-12-31
2017-01-31,2.252111354394759,4.968851972708372,2.0108627683199796,Low,High,LowHigh,2017-01-31
2017-02-28,1.982896773398224,1.5312842354040725,2.2671384813179642,Stable,Stable,StableStable,2017-02-28
2017-03-31,4.957334598819885,-1.509662825577473,2.2671384813179642,Stable,Low,StableLow,2017-03-31
2017-04-30,-1.5944446103250631,1.6592743341772809,2.2671384813179642,Stable,Stable,StableStable,2017-04-30
2017-05-31,1.2583387154802006,-0.6490260511845791,2.137587323717946,Stable,Low,StableLow,2017-05-31
2017-06-30,1.6583620143490796,1.244639767798501,2.137587323717946,Stable,Low,StableLow,2017-06-30
2017-07-31,-0.07663867810914216,0.7322497020628354,2.137587323717946,Stable,Low,StableLow,2017-07-31
2017-08-31,1.725271391005334,4.793556203136762,3.1631900653059035,Stable,High,StableHigh,2017-08-31
2017-09-30,-0.0194705663035033,5.581645631542859,3.1631900653059035,Stable,High,StableHigh,2017-09-30
2017-10-31,1.820645305643831,0.6086550751689018,3.1631900653059035,Stable,Low,StableLow,2017-10-31
2017-11-30,1.5882834086849096,3.7133471225210135,3.499446529143663,High,High,HighHigh,2017-11-30
2017-12-31,2.5400576830636012,2.4938039000053043,3.499446529143663,High,Stable,HighStable,2017-12-31
2018-01-31,1.1700087115840807,4.691604094461336,3.499446529143663,High,High,HighHigh,2018-01-31
2018-02-28,4.978839738045204,3.17825220243081,2.5278259517934023,Stable,High,StableHigh,2018-02-28
2018-03-31,-5.187405745393015,-0.29822627517793043,2.5278259517934023,Stable,Low,StableLow,2018-03-31
2018-04-30,-3.27621456586763,2.61734552729815,2.5278259517934023,Stable,Stable,StableStable,2018-04-30
2018-05-31,2.5088038761120313,3.278963981804836,3.4684629032661682,High,High,HighHigh,2018-05-31
2018-06-30,2.9208418597917785,2.566230450047884,3.4684629032661682,High,Stable,HighStable,2018-06-30
2018-07-31,-0.1429429520760972,1.4619231136733364,3.4684629032661682,High,Low,HighLow,2018-07-31
2018-08-31,2.9215810192411817,2.0184347189858607,2.8945913125160727,Stable,Stable,StableStable,2018-08-31
2018-09-30,3.1715617370718263,1.6958774141044974,2.8945913125160727,Stable,Stable,StableStable,2018-09-30
2018-10-31,0.32698251073808304,2.4546005922438408,2.8945913125160727,Stable,Stable,StableStable,2018-10-31
2018-11-30,-6.0044456197780205,-0.5459357457364037,1.0853309076310904,Low,Low,LowLow,2018-11-30
2018-12-31,1.780826084311693,-0.0427448528073769,1.0853309076310904,Low,Low,LowLow,2018-12-31
2019-01-31,-10.25557697192463,-0.4892085191942161,1.0853309076310904,Low,Low,LowLow,2019-01-31
2019-02-28,8.484389372869416,2.9982181746187533,3.0608274858403495,Stable,Stable,StableStable,2019-02-28
2019-03-31,3.5635769288320684,4.332078631492959,3.0608274858403495,Stable,High,StableHigh,2019-03-31
2019-04-30,2.095026396221189,4.004801353824285,3.0608274858403495,Stable,High,StableHigh,2019-04-30
2019-05-31,1.7660933304303406,1.0543533260376694,1.9987868305013887,Low,Low,LowLow,2019-05-31
2019-06-30,-5.6327933620256125,1.1051585824186372,1.9987868305013887,Low,Low,LowLow,2019-06-30
2019-07-31,7.523143774796903,3.2184556111540576,1.9987868305013887,Low,High,LowHigh,2019-07-31
2019-08-31,-0.10542592071970391,0.9699828573885461,2.0871145093066694,Stable,Low,StableLow,2019-08-31
2019-09-30,-1.018785618799689,1.3999547394787772,2.0871145093066694,Stable,Low,StableLow,2019-09-30
2019-10-31,0.1642001108884017,2.974360173504456,2.0871145093066694,Stable,Stable,StableStable,2019-10-31
2019-11-30,4.039371810975556,2.775736794840257,2.109877291655426,Stable,Stable,StableStable,2019-11-30
2019-12-31,1.3949046758296113,2.885689462579145,2.109877291655426,Stable,Stable,StableStable,2019-12-31
2020-01-31,3.556676757484012,1.7458327529366962,2.109877291655426,Stable,Stable,StableStable,2020-01-31
2020-02-29,0.8967954422913316,1.0663781778843282,-5.090154651162185,Low,Low,LowLow,2020-02-29
2020-03-31,-4.964991066685986,-5.081644470179672,-5.090154651162185,Low,Low,LowLow,2020-03-31
2020-04-30,-20.819953118436928,-9.541273022604704,-5.090154651162185,Low,Low,LowLow,2020-04-30
2020-05-31,0.0,-0.6283655461857174,-5.090154651162185,Low,Low,LowLow,2020-05-31
