,Date,Z1,Z2,Z3,Z4,Z5,Z_Composite,phase,Return
2/28/1994,2/28/1994,2.6607092,1.857432547,1.552273097,1.149843732,1.001482763,1.644348268,slowdown,0.025985466
3/31/1994,3/31/1994,2.598608337,1.56893134,0.805811377,1.394993209,1.187703156,1.511209484,slowdown,-0.027068279
4/30/1994,4/30/1994,2.544875972,1.661637531,0.633825177,1.61812637,1.389050742,1.569503158,expansion,-0.041474654
5/31/1994,5/31/1994,2.52864628,1.557665696,1.435469902,2.228222101,1.712640335,1.892528863,expansion,0.019077332
6/30/1994,6/30/1994,2.512194317,1.308154525,1.543240246,2.076923077,1.824853624,1.853073158,slowdown,0.001154329
7/31/1994,7/31/1994,2.495899963,1.003080149,1.455383494,1.96162713,1.633735678,1.709945283,slowdown,-0.024238019
8/31/1994,8/31/1994,2.451874283,1.326549694,1.926055005,2.047343832,1.407872287,1.83193902,expansion,0.032572118
9/30/1994,9/30/1994,2.350849758,1.275533954,1.762880334,2.112608519,1.661653331,1.832705179,expansion,0.03482847
10/31/1994,10/31/1994,2.18754442,1.307104196,1.583184137,2.162027079,1.682555406,1.784483048,slowdown,-0.01841479
11/30/1994,11/30/1994,1.963122288,0.962859032,1.059467049,2.345464322,1.563432061,1.578868951,slowdown,0.015429453
12/31/1994,12/31/1994,1.669250402,1.255196032,0.227755131,2.282888372,0.640247981,1.215067584,slowdown,-0.035286173
1/31/1995,1/31/1995,1.326537641,1.587551296,0.161615266,1.887939645,0.998180025,1.192364775,slowdown,0.022176109
2/28/1995,2/28/1995,0.982050799,1.243211439,1.095907762,2.022147428,0.083650427,1.085393571,slowdown,0.02485019
3/31/1995,3/31/1995,0.678948278,0.41661212,1.425275799,1.883139041,-0.844601084,0.711874831,slowdown,0.032147204
4/30/1995,4/30/1995,0.327720128,0.567638171,1.449317027,1.180152715,-1.034330556,0.498099497,slowdown,0.031053459
5/31/1995,5/31/1995,0.038809061,0.095931967,1.230523409,1.387990321,-2.221839496,0.106283053,slowdown,0.024758359
6/30/1995,6/30/1995,-0.019251219,0.466356089,1.049637238,1.414898719,-2.268547574,0.128618651,expansion,0.038647554
7/31/1995,7/31/1995,-0.008315632,0.657913401,0.903197685,1.233216906,-0.907303898,0.375741692,expansion,0.027074861
8/31/1995,8/31/1995,0.010091362,0.859412545,0.770413789,1.190722984,-1.808703992,0.204387338,slowdown,0.019078488
9/30/1995,9/30/1995,0.005737509,-0.287477432,0.904249393,1.302309253,-1.523214286,0.080320887,slowdown,0.010548353
10/31/1995,10/31/1995,-0.008214402,-0.081800167,-0.352510157,1.159644165,-1.820309446,-0.220638001,contraction,0.040776892
11/30/1995,11/30/1995,-0.03856234,-0.448199776,-0.024214593,0.795413461,-1.921380486,-0.327388747,contraction,0.010699179
12/31/1995,12/31/1995,-0.07522623,0.064028539,-0.097382629,0.825508434,-1.699229212,-0.196460219,recovery,0.036037571
1/31/1996,1/31/1996,-0.103826649,-0.246967223,-0.068524833,0.771428571,-1.748411359,-0.279260298,contraction,0.012301449
2/29/1996,2/29/1996,-0.102030207,-0.394449462,0.338741564,0.789612572,-1.463917761,-0.166408659,recovery,0.034036329
3/31/1996,3/31/1996,-0.063004431,0.47509204,-0.086554936,0.627751297,-1.025973533,-0.014537912,recovery,0.014091885
4/30/1996,4/30/1996,0.000212044,0.247215552,-0.059317496,0.374775244,-0.521828403,0.008211388,expansion,0.009350139
5/31/1996,5/31/1996,0.043017205,-0.373195096,1.190719612,0.296961092,-0.560174242,0.119465714,expansion,0.003548459
6/30/1996,6/30/1996,0.060555698,0.178504559,0.20755462,0.822240239,0.177142044,0.289199432,expansion,0.026876328
7/31/1996,7/31/1996,0.099029458,0.689838912,-0.009010192,0.324259289,-0.634602796,0.093902934,slowdown,0.015875906
8/31/1996,8/31/1996,0.143631104,0.908065318,0.899149916,1.100106873,-0.239652853,0.562260072,expansion,-0.034824411
9/30/1996,9/30/1996,0.204960904,0.787932703,1.420331146,0.903014407,-0.344058103,0.594436211,expansion,0.00030391
10/31/1996,10/31/1996,0.249849864,1.307242658,0.654175042,0.95168328,-0.28090535,0.576409099,slowdown,0.060206596
11/30/1996,11/30/1996,0.254911049,2.423886557,-0.231695643,0.501057412,0.239505794,0.637533034,expansion,0.017703342
12/31/1996,12/31/1996,0.291140915,1.550879805,-0.659478703,0.526003652,0.698705582,0.48145025,slowdown,0.071286664
1/31/1997,1/31/1997,0.425051158,1.673212526,-0.422176423,0.849688823,0.409477275,0.587050672,expansion,-0.012178383
2/28/1997,2/28/1997,0.592137135,2.301373124,0.572081984,1.239071487,0.265274586,0.993987663,expansion,0.060770459
3/31/1997,3/31/1997,0.781917293,2.234159728,-0.436601466,1.362731662,0.419011703,0.872243784,slowdown,0.014381471
4/30/1997,4/30/1997,0.986919655,2.458625887,-0.798678139,1.852497335,0.404241834,0.980721314,expansion,-0.048728552
5/31/1997,5/31/1997,1.192690812,2.698709098,-1.600015558,2.368332324,0.942416819,1.120426699,expansion,0.050935821
6/30/1997,6/30/1997,1.397459953,2.654610871,-1.847255472,1.857665267,0.695005374,0.951497199,slowdown,0.063940306
7/31/1997,7/31/1997,1.583849252,2.786464769,-1.015782766,2.259095029,1.34289004,1.391303265,expansion,0.049868258
8/31/1997,8/31/1997,1.72649035,1.998196528,-1.78322424,2.587162248,1.035497492,1.112824476,slowdown,0.064120071
9/30/1997,9/30/1997,1.81763013,2.163999585,-2.288404985,2.210390254,0.495490123,0.879821021,slowdown,-0.05059135
10/31/1997,10/31/1997,1.814096164,1.956086283,-3,2.622288063,1.135549387,0.905603979,expansion,0.059996834
11/30/1997,11/30/1997,1.701633578,2.106261629,-3,2.580815678,0.997814041,0.877304985,slowdown,-0.013705082
12/31/1997,12/31/1997,1.500082076,1.184401255,-3,2.146259862,0.694873071,0.505123253,slowdown,0.041768097
1/31/1998,1/31/1998,1.256604538,1.878491494,-2.885124844,2.330850483,0.526946537,0.621553642,expansion,0.00423743
2/28/1998,2/28/1998,1.00753334,2.260131764,-2.127916073,2.077147835,0.287203502,0.700820074,expansion,0.025718103
3/31/1998,3/31/1998,0.719649023,1.54651679,-2.010200299,1.611996729,0.177449899,0.409082429,slowdown,0.046282427
4/30/1998,4/30/1998,0.310998023,1.774049959,-2.577888746,2.425390753,-0.095484537,0.36741309,slowdown,0.05806378
5/31/1998,5/31/1998,-0.039325456,1.382460815,-1.412723059,1.962444083,-0.461225055,0.286326266,slowdown,0.003206165
6/30/1998,6/30/1998,-0.428644252,1.074376248,-1.961354647,1.68427869,-1.049946017,-0.136257995,contraction,-0.026945406
7/31/1998,7/31/1998,-0.852317457,0.8412256,-2.258890336,1.676898211,-0.958129428,-0.310242682,contraction,0.054700134
8/31/1998,8/31/1998,-1.254230283,0.661914314,-3,1.560535132,-0.946161535,-0.595588474,contraction,-0.03737846
9/30/1998,9/30/1998,-1.541600928,0.067737138,-3,1.208734446,-1.126131239,-0.878252117,contraction,-0.106339408
10/31/1998,10/31/1998,-1.642638342,-0.472311349,-3,1.322875656,-1.148610575,-0.988136922,contraction,-0.010040627
11/30/1998,11/30/1998,-1.534938117,0.251714937,-2.64836566,1.322875656,-1.334781327,-0.788698902,recovery,0.13928835
12/31/1998,12/31/1998,-1.269592286,-0.109214223,-2.299030728,1.210645134,-1.779550562,-0.849348533,contraction,0.05483795
1/31/1999,1/31/1999,-0.893114405,0.379981177,-2.359986541,1.458519935,-0.638232246,-0.410566416,recovery,0.048832687
2/28/1999,2/28/1999,-0.464837296,1.061881392,-2.064610201,1.104481561,-0.295462972,-0.131709503,recovery,0.02877117
3/31/1999,3/31/1999,-0.031642155,0.524283769,-1.593846847,1.345330815,-0.091347625,0.030555591,expansion,-0.032243877
4/30/1999,4/30/1999,0.308460696,0.208822118,-1.38084761,1.005804112,-0.130093019,0.002429259,slowdown,0.044305433
5/31/1999,5/31/1999,0.623757133,0.577303404,-0.839549694,1.293185826,0.527828159,0.436504966,expansion,0.045873047
6/30/1999,6/30/1999,0.955998455,0.672924213,-0.740706781,0.912526124,1.072352296,0.574618861,expansion,-0.039169774
7/31/1999,7/31/1999,1.25483543,0.378554558,-0.754493781,0.815586088,0.243799663,0.387656392,slowdown,0.053690306
8/31/1999,8/31/1999,1.471728844,0,-0.969312546,1.077538711,0.651949745,0.446380951,expansion,-0.036634405
9/30/1999,9/30/1999,1.666596922,0.737292522,-1.17588563,1.083798792,1.321556438,0.726671809,expansion,0.003755908
10/31/1999,10/31/1999,1.789186559,-0.401084474,-1.186279505,1.221231972,1.25789609,0.536190128,slowdown,-0.042885478
11/30/1999,11/30/1999,1.860571352,0.697628926,-1.002290467,1.129758061,1.477461886,0.832625952,expansion,0.059713709
12/31/1999,12/31/1999,1.929470167,0.032837239,-0.826458002,1.47355541,1.338695962,0.789620155,slowdown,0.038806632
1/31/2000,1/31/2000,1.904919661,2.139774304,-0.626890089,1.531614999,0.95848023,1.181579821,expansion,0.042632624
2/29/2000,2/29/2000,1.812198285,1.851284011,-0.336797298,1.122451403,0.644309415,1.018689163,slowdown,-0.027355692
3/31/2000,3/31/2000,1.661831436,0.490532181,-1.298085842,1.346276594,0.337272274,0.507565329,slowdown,-0.015014078
4/30/2000,4/30/2000,1.477989543,1.141660108,-1.353076438,2.032522458,0.192317994,0.698282733,expansion,0.064170784
5/31/2000,5/31/2000,1.316910205,1.557717639,-1.330150366,1.373721355,-0.210503419,0.541539083,slowdown,-0.034674683
6/30/2000,6/30/2000,1.151346936,0.06647607,-1.562296829,1.254797994,-0.743203718,0.033424091,slowdown,-0.018368637
7/31/2000,7/31/2000,0.971509211,0.693475094,-0.592937908,1.112407702,-0.299583541,0.376974111,expansion,0.025771698
8/31/2000,8/31/2000,0.766762482,0.281147809,-0.372289507,0.7675475,-1.048955727,0.078842512,slowdown,-0.026479167
9/30/2000,9/30/2000,0.518337389,0.099149468,-0.720921322,1.6,-1.04988998,0.089335111,expansion,0.068379832
10/31/2000,10/31/2000,0.210085448,-0.231405736,-0.906614214,1.611500597,-1.305637617,-0.124414304,contraction,-0.053044131
11/30/2000,11/30/2000,-0.087667343,0.363049862,-1.074087521,1.405633826,-1.27648109,-0.133910453,contraction,-0.011091162
12/31/2000,12/31/2000,-0.414694535,-2.510741722,-1.578345673,1.232926291,-2.495927234,-1.153356575,contraction,-0.083263907
1/31/2001,1/31/2001,-0.757530984,-3,-1.31840229,0,-2.653381254,-1.545862906,contraction,0.011822702
2/28/2001,2/28/2001,-1.090389029,-3,-0.515005314,0,-2.413789574,-1.403836784,recovery,0.032774384
3/31/2001,3/31/2001,-1.334489418,-2.906110378,-0.749685285,-0.476903369,-1.961274924,-1.485692675,contraction,-0.095490085
4/30/2001,4/30/2001,-1.494397863,-3,-0.578227549,-0.944392685,-1.86323679,-1.576050977,contraction,-0.083357521
5/31/2001,5/31/2001,-1.590356744,-2.29881623,0.339277384,-0.476903369,-2.014362881,-1.208232368,recovery,0.106008431
6/30/2001,6/30/2001,-1.662132866,-2.085135442,0.470693778,-1.430710106,-1.569714703,-1.255399868,contraction,-0.002988253
7/31/2001,7/31/2001,-1.720069277,-2.034126988,0.776077582,-1.865170525,-1.469585912,-1.262575024,contraction,-0.017112808
8/31/2001,8/31/2001,-1.762264501,-2.085177027,0.745790605,-2.922834906,-0.913201272,-1.38753742,contraction,-0.017556834
9/30/2001,9/30/2001,-1.773286197,-3,-0.623329126,-3,-0.925521331,-1.864427331,contraction,-0.056920089
10/31/2001,10/31/2001,-1.714083421,-2.782372422,-1.282602117,-3,-1.883022678,-2.132416127,contraction,-0.078999231
11/30/2001,11/30/2001,-1.574359595,-2.479885669,0.45965839,-3,-1.254677299,-1.569852835,recovery,0.043074948
12/31/2001,12/31/2001,-1.372838558,-1.866982607,0.734484759,-3,-1.030833631,-1.307234007,recovery,0.038085567
1/31/2002,1/31/2002,-1.147089266,-1.38666905,0.766639209,-2.969657109,-0.568344222,-1.061024088,recovery,0.018655389
2/28/2002,2/28/2002,-0.93085672,-1.571128049,0.972904449,-2.711630723,0.072264856,-0.833689237,recovery,-0.019497148
3/31/2002,3/31/2002,-0.766007588,-0.974847656,1.145592868,-2.525432492,0.379390494,-0.548260875,recovery,0.011238401
4/30/2002,4/30/2002,-0.690601695,-1.191061356,0.848162811,-2.646998269,0.379299866,-0.660239728,contraction,0.015838698
5/31/2002,5/31/2002,-0.597223416,-0.431808597,1.383413264,-2.36178263,0.507969722,-0.299886331,recovery,-0.038136695
6/30/2002,6/30/2002,-0.410896281,-0.583838218,0.223524877,-2.255734741,0.604937096,-0.484401453,contraction,-0.040109334
7/31/2002,7/31/2002,-0.347272256,-0.903330492,-0.986069537,-2.16989031,0.027701612,-0.875772196,contraction,-0.069019829
8/31/2002,8/31/2002,-0.426255938,-0.827478399,-0.453499788,-1.916945376,0.046791603,-0.71547758,recovery,-0.075582047
9/30/2002,9/30/2002,-0.540059692,-0.838459318,-1.357817829,-1.811867508,0.086723814,-0.892296106,contraction,0.034711786
10/31/2002,10/31/2002,-0.622435345,-1.293189535,-1.366532021,-1.721357166,-0.159719141,-1.032646641,contraction,-0.067129738
11/30/2002,11/30/2002,-0.705069812,-0.893032732,0.204802508,-1.81138844,-0.178433778,-0.67662445,recovery,0.050978767
12/31/2002,12/31/2002,-0.758373557,-0.603403915,0.822090058,-1.780347133,0.49607416,-0.364792077,recovery,0.026152615
1/31/2003,1/31/2003,-0.796598975,-1.061394304,1.086279116,-1.284797283,0.44865039,-0.321572211,recovery,-0.047560834
2/28/2003,2/28/2003,-0.853053271,-1.324274234,1.23468121,-1.154073173,-0.024026287,-0.424149151,contraction,-0.024093882
3/31/2003,3/31/2003,-0.831178644,-1.508603318,1.113902441,-0.911617713,-0.610103033,-0.549520053,contraction,-0.028233585
4/30/2003,4/30/2003,-0.751600483,-0.609654037,1.611638223,-0.737132064,-0.647449367,-0.226839546,recovery,0.025393143
5/31/2003,5/31/2003,-0.621787242,0.070982346,1.993923944,-0.615594417,0.106505786,0.186806083,expansion,0.06089252
6/30/2003,6/30/2003,-0.3239149,-0.173307217,1.98618789,-0.737591656,0.107848201,0.171844464,slowdown,0.062326706
7/31/2003,7/31/2003,0.034608378,0.013269661,1.960496735,-0.62041613,0.655618583,0.408715445,expansion,0.01615098
8/31/2003,8/31/2003,0.478674891,-0.193122579,1.964630836,-0.503268377,1.223285321,0.594040018,expansion,-0.003556453
9/30/2003,9/30/2003,1.064419266,-0.382444125,2.062659,-0.519763767,0.992613596,0.643496794,expansion,0.028167618
10/31/2003,10/31/2003,1.736882966,-0.008634771,1.936853528,-0.407712337,1.628204738,0.977118825,expansion,0.013049767
11/30/2003,11/30/2003,2.324544684,0.819686335,1.94861934,-0.144557631,2.166409271,1.4229404,expansion,0.041891849
12/31/2003,12/31/2003,2.659957489,0.625760449,1.94828005,0,2.338201233,1.514439844,expansion,0.015540938
1/31/2004,1/31/2004,2.744252991,2.694192545,1.824936898,0,2.344695542,1.921615595,expansion,0.032775251
2/29/2004,2/29/2004,2.676757788,0.892621309,1.913163755,0.180834018,1.984415194,1.529558413,slowdown,0.021921335
3/31/2004,3/31/2004,2.547972906,1.134187361,1.657355809,-0.098425294,1.925716761,1.433361509,slowdown,0.024993134
4/30/2004,4/30/2004,2.401786616,0.72980728,1.49251753,0.324349522,1.857021184,1.361096427,slowdown,-0.015864656
5/31/2004,5/31/2004,2.144755584,0.045743882,1.520500437,0.375344596,1.950490355,1.207366971,slowdown,-0.014364714
6/30/2004,6/30/2004,1.93834754,1.020278554,1.602552345,0.436549451,1.731476495,1.345840877,expansion,0.001324049
7/31/2004,7/31/2004,1.723171531,1.19520385,1.451447358,0.870053547,1.57501557,1.362978371,expansion,0.005393836
8/31/2004,8/31/2004,1.519340873,1.037201489,1.295857509,1.371306842,1.267700802,1.298281503,slowdown,-0.02403323
9/30/2004,9/30/2004,1.412564311,0.66751541,1.202950289,1.533915363,0.979487045,1.159286484,slowdown,0.004091248
10/31/2004,10/31/2004,1.270358253,0.164269253,0.818553669,1.144499995,0.758332472,0.831202729,slowdown,0.018383879
11/30/2004,11/30/2004,1.133683546,0.278783136,0.707464566,1.571370398,0.772291689,0.892718667,expansion,-0.002237539
12/31/2004,12/31/2004,1.026330747,0.949019912,0.821310741,1.513294204,0.937509808,1.049493082,expansion,0.054914146
1/31/2005,1/31/2005,0.924499572,0.651743754,0.548985779,1.843468217,0.786464232,0.951032311,slowdown,0.014178136
2/28/2005,2/28/2005,0.803299837,0.333356138,0.694176713,1.392942614,0.455721814,0.735899423,slowdown,-0.006439293
3/31/2005,3/31/2005,0.51940604,0.063660829,0.44098888,2.055628798,0.173947234,0.650726356,slowdown,0.018030662
4/30/2005,4/30/2005,0.135167975,-0.762187156,-0.048846394,1.781696723,-0.478089831,0.125548263,slowdown,-0.028468063
5/31/2005,5/31/2005,-0.022758981,-0.808475132,0.024440864,2.009592381,-0.776642129,0.085231401,slowdown,-0.006579899
6/30/2005,6/30/2005,-0.01023838,0.852727614,0.12525836,2.188042737,-0.387536845,0.553650697,expansion,0.037084213
7/31/2005,7/31/2005,0.046023561,0.824054642,0.178383711,2.068331054,-0.304354504,0.562487693,expansion,-0.003956557
8/31/2005,8/31/2005,0.148181208,-0.503304059,0.358103213,2.077843644,-0.394689663,0.337226869,slowdown,0.035151537
9/30/2005,9/30/2005,0.297647947,-2.507406294,0.117197437,1.596568391,0.353354414,-0.028527621,contraction,-0.009835954
10/31/2005,10/31/2005,0.442046631,-2.77876906,-0.134247234,1.542030153,0.416110079,-0.102565886,contraction,0.006367511
11/30/2005,11/30/2005,0.61943878,-1.595376983,-0.085303398,1.508592618,0.196620981,0.1287944,expansion,-0.022209319
12/31/2005,12/31/2005,0.803944033,-0.062221385,-0.014519796,1.601499466,-0.175101026,0.430720258,expansion,0.049357273
1/31/2006,1/31/2006,0.975790274,-0.111481699,-0.120054715,1.875597013,-0.200789936,0.483812187,expansion,-0.011018275
2/28/2006,2/28/2006,1.149936565,-0.860552679,0.20008064,1.487602576,-0.048917137,0.385629993,slowdown,0.030065634
3/31/2006,3/31/2006,1.300583799,-0.534711937,0.035523958,1.557601958,-0.449079324,0.381983691,slowdown,0.006077786
4/30/2006,4/30/2006,1.455560807,-0.806720044,-0.67663267,1.536170928,-0.234136711,0.254848462,slowdown,0.006958598
5/31/2006,5/31/2006,1.57766219,-2.107635989,0.93269083,1.74219125,-0.711848635,0.286611929,expansion,0.004055994
6/30/2006,6/30/2006,1.677739419,-1.1145149,-0.918259637,1.786763957,-1.298650996,0.026615569,slowdown,-0.014993937
7/31/2006,7/31/2006,1.782186935,-1.132003061,-1.287025639,1.50114247,-0.999128565,-0.026965572,contraction,-0.001557277
8/31/2006,8/31/2006,1.928024431,-1.533948161,0.196692822,1.310420275,-0.769308834,0.226376107,expansion,-0.010003348
9/30/2006,9/30/2006,2.055190783,-0.984429784,-0.367711248,1.705088614,-1.267903868,0.228046899,expansion,0.032416649
10/31/2006,10/31/2006,2.165846963,0.229415757,0.660365745,1.840802601,-1.485242942,0.682237625,expansion,0.012064172
11/30/2006,11/30/2006,2.274997351,0.031734472,1.596533754,1.355408824,-1.664607305,0.718813419,expansion,0.029208835
12/31/2006,12/31/2006,2.332308007,0,0.978025783,1.463573572,-1.230202075,0.708741057,slowdown,0.028525626
1/31/2007,1/31/2007,2.326872844,0.870940072,1.297316173,0.992084082,-1.501676915,0.797107251,expansion,0.013378774
2/28/2007,2/28/2007,2.313505429,-0.050591124,1.309731606,1.244456735,-0.338410208,0.895738488,expansion,0.027846667
3/31/2007,3/31/2007,2.298462179,-0.51251063,-0.915214638,1.532896627,-0.754926425,0.329741423,slowdown,-0.026999162
4/30/2007,4/30/2007,2.200495484,-0.712692342,-2.709253365,1.170881467,-0.687138717,-0.147541495,contraction,0.01526858
5/31/2007,5/31/2007,1.952953973,-0.506291876,-0.181869287,1.322471629,-0.422121521,0.433028583,expansion,0.036339917
6/30/2007,6/30/2007,1.664328355,-0.839493156,-0.008472944,0.689367687,-0.020896267,0.296966735,slowdown,0.034219415
7/31/2007,7/31/2007,1.388496543,0.115215556,-2.752959314,0.143603382,-0.921220392,-0.405372845,contraction,-0.012036624
8/31/2007,8/31/2007,1.123141492,-1.000120487,-3,0.295527062,-0.710390056,-0.658368398,contraction,-0.036029623
9/30/2007,9/30/2007,0.884333896,-0.938897258,-3,0,0.04940585,-0.601031502,recovery,0.010409123
10/31/2007,10/31/2007,0.6834146,-1.306038479,-2.7818062,0,-0.302452365,-0.741376489,contraction,0.049225602
11/30/2007,11/30/2007,0.495551927,-1.985912184,-3,0,-0.787290341,-1.055530119,contraction,-0.017152348
12/31/2007,12/31/2007,0.290859256,-1.972428705,-3,-1.114416044,-1.436153746,-1.446427848,contraction,-0.022514787
1/31/2008,1/31/2008,0.026251282,-1.449394615,-3,-1.168873415,-0.999921963,-1.318387742,recovery,-0.002983743
2/29/2008,2/29/2008,-0.278252334,-2.48572911,-2.858657715,-0.856207282,-2.005522792,-1.696873847,contraction,-0.047561112
3/31/2008,3/31/2008,-0.673434235,-2.481133375,-3,-1.74984811,-1.500427775,-1.880968699,contraction,-0.041684408
4/30/2008,4/30/2008,-1.179344193,-2.959242167,-2.716086222,-1.367047929,-1.970311976,-2.038406497,contraction,0.025288043
5/31/2008,5/31/2008,-1.805752303,-2.860748402,-1.909873225,-2.935863347,-1.727668819,-2.247981219,contraction,0.027585795
6/30/2008,6/30/2008,-2.484558609,-2.928850264,-2.561125926,-3,-1.251784735,-2.445263907,contraction,-0.008500025
7/31/2008,7/31/2008,-3,-2.324613188,-3,-3,-0.761857761,-2.41729419,recovery,-0.069279847
8/31/2008,8/31/2008,-3,-1.996346171,-2.286240728,-3,-1.006876496,-2.257892679,recovery,-0.017791716
9/30/2008,9/30/2008,-3,-1.287884753,-3,-3,-2.101817386,-2.477940428,contraction,0.016661987
10/31/2008,10/31/2008,-3,-2.337524845,-3,-3,-3,-2.867504969,contraction,-0.095879494
11/30/2008,11/30/2008,-3,-2.382850555,-3,-3,-3,-2.876570111,contraction,-0.172018048
12/31/2008,12/31/2008,-3,-1.890605306,-3,-3,-3,-2.778121061,recovery,-0.159110793
1/31/2009,1/31/2009,-3,-1.722679664,-2.835300774,-3,-2.939092947,-2.699414677,recovery,0.112891095
2/28/2009,2/28/2009,-2.880225094,-1.949645924,-2.146893881,-3,-2.69064791,-2.533482562,recovery,-0.082730734
3/31/2009,3/31/2009,-2.615914971,-1.725748221,-1.976808514,-3,-2.399591553,-2.343612652,recovery,-0.145879637
4/30/2009,4/30/2009,-2.335180681,-1.038627793,-1.708146734,-3,-1.850951616,-1.986581365,recovery,0.150078353
5/31/2009,5/31/2009,-2.052121203,-0.648717849,-0.980819074,-3,-1.10152365,-1.556636355,recovery,0.08420421
6/30/2009,6/30/2009,-1.776066353,-0.381701712,-0.364365908,-2.858986948,-0.688866867,-1.213997558,recovery,0.073986533
7/31/2009,7/31/2009,-1.480966927,-0.546829953,-0.300309694,-2.642133088,-0.085776007,-1.011203134,recovery,-0.021202589
8/31/2009,8/31/2009,-1.149449257,-0.389591349,-0.010436927,-2.550549834,0.549710172,-0.710063439,recovery,0.086570733
9/30/2009,9/30/2009,-0.823119028,0.208568937,0.182304773,-2.506779556,0.79777146,-0.428250683,recovery,-0.005349915
10/31/2009,10/31/2009,-0.501251778,-0.008002517,0.208999235,-2.400660838,1.218388529,-0.296505474,recovery,0.035296386
11/30/2009,11/30/2009,-0.173720272,-0.25219707,0.253652369,-2.151940791,0.833740875,-0.298092978,contraction,0.010919963
12/31/2009,12/31/2009,0.027686906,0.176227113,0.358631315,-2.005007405,0.884153347,-0.111661745,recovery,0.060943091
1/31/2010,1/31/2010,0.13721948,0.364876338,0.373673526,-1.803970383,0.914239308,-0.002792346,recovery,0.009230994
2/28/2010,2/28/2010,0.221062187,0.306526092,0.472879559,-1.713007547,0.784690354,0.014430129,expansion,-0.020158661
3/31/2010,3/31/2010,0.28214187,0.320229359,0.67099501,-1.654754308,1.26233127,0.17618864,expansion,0.028457088
4/30/2010,4/30/2010,0.31638932,0.185860896,0.73494074,-1.488360065,1.131800463,0.176126271,slowdown,0.054979915
5/31/2010,5/31/2010,0.328449783,0.353911326,0.37315783,-1.176374297,1.012107047,0.178250338,expansion,0.021201925
6/30/2010,6/30/2010,0.33040863,0.648544959,0.407657828,-0.862873683,0.873299753,0.279407498,expansion,-0.108354743
7/31/2010,7/31/2010,0.338047827,-0.270851504,0.441033951,-0.638188814,0.806356279,0.135279548,slowdown,-0.038168653
8/31/2010,8/31/2010,0.363136909,-0.04093318,0.57238095,-0.48166886,0.839548069,0.250492778,expansion,0.094773085
9/30/2010,9/30/2010,0.407205273,-0.087563994,0.617245561,-0.320004015,0.681501339,0.259676833,expansion,-0.037358517
10/31/2010,10/31/2010,0.464576322,-0.115848031,0.579196398,-0.101319823,0.895801311,0.344481235,expansion,0.062167176
11/30/2010,11/30/2010,0.529348733,0.4965262,0.66372071,-0.208907657,0.937894283,0.483716454,expansion,0.034399465
12/31/2010,12/31/2010,0.588985767,0.958903427,0.723595649,0.0541108,0.778387622,0.620796653,expansion,0.019076339
1/31/2011,1/31/2011,0.628955138,0.937358413,0.702170833,0.169694854,0.928859631,0.673407774,expansion,0.052695785
2/28/2011,2/28/2011,0.633574257,1.426176297,0.714530952,0.23967324,0.658198858,0.734430721,expansion,0.025580995
3/31/2011,3/31/2011,0.594839236,-0.078925984,0.578504647,0.255060311,0.424285136,0.354752669,slowdown,0.000297758
4/30/2011,4/30/2011,0.516417203,0.214420065,0.580339618,0.207476919,0.3247399,0.368678741,expansion,0.02203514
5/31/2011,5/31/2011,0.404794083,0.879545769,0.527106443,0.300158831,-0.069925478,0.40833593,expansion,0.022366603
6/30/2011,6/30/2011,0.174763099,0.360778827,0.3613508,0.246593192,0.044323758,0.237561935,slowdown,-0.03184076
7/31/2011,7/31/2011,-0.013600317,-0.959556458,0.317654403,0.364887831,-0.322826276,-0.122688164,contraction,0.01647792
8/31/2011,8/31/2011,-0.141382781,-2.188694634,-0.095045186,0.40818924,-0.360900533,-0.475566779,contraction,-0.039042494
9/30/2011,9/30/2011,-0.239121377,-1.465622397,-0.1413051,0.476226902,-0.222437944,-0.318451983,recovery,-0.064071371
10/31/2011,10/31/2011,-0.29613743,-1.286521311,-0.180668336,0.842590736,-0.538893165,-0.291925901,recovery,-0.092861269
11/30/2011,11/30/2011,-0.31789846,-0.86775163,-0.016810938,1.350181782,-0.50907991,-0.072271831,recovery,0.111756036
12/31/2011,12/31/2011,-0.318171147,0.096228411,0.010105142,1.772118597,-0.378644314,0.236327338,expansion,0.020466113
1/31/2012,1/31/2012,-0.315958808,0.907366991,0.063106059,2.330790138,-0.38734757,0.519591362,expansion,0.009406349
2/29/2012,2/29/2012,-0.333486477,0.944325286,0.382182977,2.330790138,-0.565453453,0.551671694,expansion,0.055610283
3/31/2012,3/31/2012,-0.391702857,1.090044223,0.559493323,2.416978484,-0.470320019,0.64089863,expansion,0.037478551
4/30/2012,4/30/2012,-0.511148317,1.031720661,0.65498021,2.280655058,-0.376436019,0.615954318,slowdown,0.029298688
5/31/2012,5/31/2012,-0.705472049,1.462366622,0.281837282,2.076360439,-1.017834475,0.419451564,slowdown,-0.007604214
6/30/2012,6/30/2012,-0.970717247,0.24444298,0.165933526,1.733289314,-2.524571523,-0.27032459,contraction,-0.091516589
7/31/2012,7/31/2012,-1.260090265,0.009494677,0.259590523,1.507815287,-2.046027719,-0.305843499,contraction,0.066466556
8/31/2012,8/31/2012,-1.489557792,0.363673355,0.979737356,1.622281977,-2.2209833,-0.148969681,recovery,0.004771608
9/30/2012,9/30/2012,-1.592567124,1.102880805,1.347929692,1.948103581,-1.519574835,0.257354424,expansion,0.023525893
10/31/2012,10/31/2012,-1.573892512,1.716957226,0.860844411,1.836980632,-1.5366133,0.260855292,expansion,0.024004333
11/30/2012,11/30/2012,-1.464151029,1.567807399,1.134146629,1.945212333,-1.997758171,0.237051432,slowdown,-0.008679251
12/31/2012,12/31/2012,-1.300466418,-0.084268979,1.1315214,1.645948897,-1.345006083,0.009545763,slowdown,-0.010454332
1/31/2013,1/31/2013,-0.884970321,0.067487428,1.109847646,1.505494327,-0.541042694,0.251363277,expansion,0.010139066
2/28/2013,2/28/2013,-0.367137491,0.700350572,1.249001359,1.945782916,-0.032840387,0.699031394,expansion,0.065688457
3/31/2013,3/31/2013,-0.035826404,0.853561165,1.085010006,2.085691331,-0.672518243,0.663183571,slowdown,0.003433935
4/30/2013,4/30/2013,0.125929674,0.440220178,0.844320623,1.659390271,-1.000328475,0.413906454,slowdown,0.029505655
5/31/2013,5/31/2013,0.298559027,1.624999288,1.119866254,1.57237688,-0.853206985,0.752518893,expansion,0.013877015
6/30/2013,6/30/2013,0.480060825,1.502875614,0.632420111,1.331858078,-0.735289946,0.642384936,slowdown,0.029450818
7/31/2013,7/31/2013,0.667269644,1.557227971,0.816331268,1.452786329,0.535447743,1.005812591,expansion,-0.013417773
8/31/2013,8/31/2013,0.857730266,1.102091035,1.211308818,1.508378722,0.64691391,1.06528455,expansion,0.056352776
9/30/2013,9/30/2013,1.040245412,0.440152815,0.97888443,1.433046532,0.718193141,0.922104466,slowdown,-0.043345905
10/31/2013,10/31/2013,1.208271113,-0.17231454,0.860050633,1.432019944,0.766207196,0.818846869,slowdown,0.042477268
11/30/2013,11/30/2013,1.35779727,0.050335878,1.197083542,1.899197644,1.243996546,1.149682176,expansion,0.036653002
12/31/2013,12/31/2013,1.479941544,1.050561844,1.288958798,2.138359335,1.316112288,1.454786762,expansion,0.016855877
1/31/2014,1/31/2014,1.583450492,0.835406568,0.919444719,2.137184927,-0.365722473,1.021952847,slowdown,0.026675222
2/28/2014,2/28/2014,1.683600524,0.88128441,0.79514853,1.82291932,0.690469441,1.174684445,expansion,-0.053725049
3/31/2014,3/31/2014,1.773255943,0.589631075,0.791389477,1.666666667,1.22476608,1.209141848,expansion,0.062231156
4/30/2014,4/30/2014,1.815504151,1.067724502,0.819846644,2.127665632,1.472219818,1.460592149,expansion,0.018755305
5/31/2014,5/31/2014,1.795542532,0.745116282,1.101329668,1.896439674,1.360371779,1.379759987,slowdown,-0.002531444
6/30/2014,6/30/2014,1.733045399,0.746668142,1.199187855,2.050495095,1.005413339,1.346961966,slowdown,0.020813714
7/31/2014,7/31/2014,1.658086247,0.591108213,0.879325592,1.85330514,1.279591193,1.252283277,slowdown,0.025976598
8/31/2014,8/31/2014,1.592242656,0.719347164,0.778609308,1.910723299,1.621277299,1.324439945,expansion,-0.02679719
9/30/2014,9/30/2014,1.4859668,1.084650917,0.75178911,2.024556206,1.283520517,1.32609671,expansion,0.042124714
10/31/2014,10/31/2014,1.268538805,1.571213117,-0.165595543,2.166098416,1.359312977,1.239913554,slowdown,-0.032577989
11/30/2014,11/30/2014,1.04053495,1.963010577,0.500379568,2.01865738,1.346618324,1.37384016,expansion,0.037931034
12/31/2014,12/31/2014,0.814109729,2.621102445,-0.048915541,2.092064879,0.706248457,1.236921994,slowdown,0.01524448
1/31/2015,1/31/2015,0.593723778,2.912548802,-1.060380735,1.773062817,-0.121079303,0.819575072,slowdown,0.003975
2/28/2015,2/28/2015,0.371415331,2.222093081,-0.450045187,1.907835127,-0.484496067,0.713360457,slowdown,-0.012925107
3/31/2015,3/31/2015,0.14881832,1.73939459,-0.269150754,1.978947747,-0.803182317,0.558965517,slowdown,0.045431107
4/30/2015,4/30/2015,-0.001894904,2.053195934,0.005344743,1.791559156,-0.660403074,0.637560371,expansion,-0.023167799
5/31/2015,5/31/2015,-0.102608297,1.217844513,0.689632261,1.308053526,-0.380232073,0.546537986,slowdown,0.01775033
6/30/2015,6/30/2015,-0.234885111,1.923453336,0.194817635,1.521699179,-0.398445272,0.601327953,expansion,0.00267145
7/31/2015,7/31/2015,-0.411592513,1.511946993,-0.486535653,1.630850782,-0.57957091,0.33301974,slowdown,-0.017865299
8/31/2015,8/31/2015,-0.624996893,1.345285722,-1.311957254,1.682845978,-1.378784629,-0.057521415,contraction,0.011384059
9/30/2015,9/30/2015,-0.849191106,0.660100012,-2.176690485,1.554846881,-1.48477128,-0.459141196,contraction,-0.08694361
10/31/2015,10/31/2015,-1.084065512,0.950079281,-1.380676382,1.333587374,-1.776797337,-0.391574515,recovery,0.00185703
11/30/2015,11/30/2015,-1.365678754,1.024818969,-0.87229027,1.175491086,-1.707396277,-0.349011049,recovery,0.086526932
12/31/2015,12/31/2015,-1.701815892,1.215131681,-1.872075111,1.246239368,-1.94290428,-0.611084847,contraction,-0.003484237
1/31/2016,1/31/2016,-2.059172055,1.126111177,-2.929053261,1.332576254,-2.459244911,-0.997756559,contraction,-0.025853189
2/29/2016,2/29/2016,-2.371668658,1.049781889,-3,1.241418872,-1.471782299,-0.910450039,recovery,-0.051907048
3/31/2016,3/31/2016,-2.542236251,0.777301946,-1.510717487,0.975817131,-0.778553124,-0.615677557,recovery,0.018514931
4/30/2016,4/30/2016,-2.56820921,0.3146998,-1.313962009,0.887989348,-0.782851987,-0.692466811,contraction,0.049347872
5/31/2016,5/31/2016,-2.494970132,1.061777513,-0.785528164,1.093018877,-0.677588721,-0.360658125,recovery,0.005080444
6/30/2016,6/30/2016,-2.353435164,0.722339997,-1.084193576,0.948237881,-0.240493185,-0.401508809,contraction,0.009085902
7/31/2016,7/31/2016,-2.163087184,0.078536684,-0.742276857,1.044614329,-0.055636415,-0.367569889,recovery,0.004709758
8/31/2016,8/31/2016,-1.921179626,-0.015867845,-0.394493765,0.883085518,-0.952069448,-0.480105033,contraction,0.030751183
9/30/2016,9/30/2016,-1.620886218,0.197870416,-0.306482251,0.646257528,-0.495286012,-0.315705307,recovery,-0.000900237
10/31/2016,10/31/2016,-1.194345297,-0.50993293,0.03096177,0.768134937,-0.1849366,-0.218023624,recovery,-0.006601461
11/30/2016,11/30/2016,-0.637046517,0.685193102,-0.655013165,1.042457138,0.341445806,0.155407273,expansion,-0.025147922
12/31/2016,12/31/2016,-0.081008219,1.436267883,0.55447216,0.914381552,0.739697201,0.712762115,expansion,0.032632695
1/31/2017,1/31/2017,0.242509033,1.446759188,0.412064019,0.776654035,1.057625258,0.787122306,expansion,0.022521114
2/28/2017,2/28/2017,0.504560958,1.009787967,0.717090657,0.912545078,1.796542753,0.988105483,expansion,0.019828968
3/31/2017,3/31/2017,0.71768517,1.131402679,0.67210979,1.259244382,1.410916449,1.038271694,expansion,0.049573346
4/30/2017,4/30/2017,0.900815677,1.100660918,0.369063963,1.176984266,1.085791495,0.926663264,slowdown,-0.015944446
5/31/2017,5/31/2017,1.078343192,1.13667861,0.969378285,1.219853481,1.405072059,1.161865125,expansion,0.012583387
6/30/2017,6/30/2017,1.255186382,0.632144815,0.622442917,1.443770343,1.383681548,1.067445201,slowdown,0.01658362
7/31/2017,7/31/2017,1.429624475,0.154208836,1.052945383,1.50329068,1.505973957,1.129208666,expansion,-0.000766387
8/31/2017,8/31/2017,1.599076408,1.052574377,1.200045921,1.356498295,2.142161771,1.470071354,expansion,0.017252714
9/30/2017,9/30/2017,1.733635526,0.562669199,1.072369454,1.723789121,2.374666391,1.493425938,expansion,-0.000194706
10/31/2017,10/31/2017,1.819361419,2.167817839,1.114483535,1.821680136,1.961765831,1.777021752,expansion,0.018206453
11/30/2017,11/30/2017,1.846480452,1.480147257,1.043149062,1.635414258,1.715664084,1.544171023,slowdown,0.015882834
12/31/2017,12/31/2017,1.819969565,0.669140094,0.969576065,1.868437909,1.950391252,1.455502977,slowdown,0.025400577
1/31/2018,1/31/2018,1.758382983,0.621391481,1.168796555,1.912669397,1.901124256,1.472472934,expansion,0.011700087
2/28/2018,2/28/2018,1.669124429,1.761628948,0.16767833,1.80695207,2.181719716,1.517420699,expansion,0.049788397
3/31/2018,3/31/2018,1.529566348,1.958997473,0.191482227,1.915103594,1.66872676,1.452775281,slowdown,-0.051874057
4/30/2018,4/30/2018,1.34591212,1.22273209,-0.43562946,1.8,1.409201503,1.068443251,slowdown,-0.032762146
5/31/2018,5/31/2018,1.14169093,0.84609982,0.193108665,2.196449726,1.304684352,1.136406699,expansion,0.025088039
6/30/2018,6/30/2018,0.866144494,0.889479055,0.284017987,1.727023073,1.259797085,1.005292339,slowdown,0.029208419
7/31/2018,7/31/2018,0.435985324,0.749825282,-0.233818096,2.065219857,0.693666857,0.742175845,slowdown,-0.00142943
8/31/2018,8/31/2018,0.044098337,0.211597399,0.595263296,1.672978664,1.183792329,0.741546005,slowdown,0.02921581
9/30/2018,9/30/2018,-0.244961502,1.176181738,0.608574632,1.62530688,0.711683781,0.775357106,expansion,0.031715617
10/31/2018,10/31/2018,-0.547488616,0.709450768,-0.726412687,1.379031297,0.527173317,0.268350816,slowdown,0.003269825
11/30/2018,11/30/2018,-0.838266794,0.352707905,-0.679517635,1.602299994,0.565766626,0.200598019,slowdown,-0.060044456
12/31/2018,12/31/2018,-1.109523873,0.494620161,-1.652764273,1.041304138,-0.431506966,-0.331574163,contraction,0.017808261
1/31/2019,1/31/2019,-1.338102647,-1.501072203,-1.759062342,0.703272185,-0.325035613,-0.844000124,contraction,-0.10255577
2/28/2019,2/28/2019,-1.516730522,-0.782428245,-0.203774491,1.05872468,-0.784739161,-0.445789548,recovery,0.084843894
3/31/2019,3/31/2019,-1.649146593,0.449527666,-0.726461491,0.96,-0.651200828,-0.323456249,recovery,0.035635769
4/30/2019,4/30/2019,-1.758558778,0.077064466,-0.282552466,1.331988569,-1.074991695,-0.341409981,contraction,0.020950264
5/31/2019,5/31/2019,-1.864057238,0.894693799,-0.685501782,1.204856755,-1.466501676,-0.383302028,contraction,0.017660933
6/30/2019,6/30/2019,-1.950595252,0.320396527,-0.947972975,0.985371988,-1.683397481,-0.655239439,contraction,-0.056327934
7/31/2019,7/31/2019,-1.993775725,0.338440343,0.116281962,1.002789406,-1.754081347,-0.458069072,recovery,0.075231438
8/31/2019,8/31/2019,-1.981179117,-2.433547226,-1.208690816,0.911935938,-2.516603983,-1.445617041,contraction,-0.001054259
9/30/2019,9/30/2019,-1.90296629,-1.374592341,-0.903865536,1.367882258,-2.563544491,-1.07541728,recovery,-0.010187856
10/31/2019,10/31/2019,-1.780584799,-0.724218451,-0.873275816,1.160238702,-2.345346332,-0.912637339,recovery,0.001642001
11/30/2019,11/30/2019,-1.654156823,-0.220182513,0.296146251,1.486470975,-2.309774081,-0.480299238,recovery,0.040393718
12/31/2019,12/31/2019,-1.563164048,0.773946112,0.34861707,1.387786398,-2.245433471,-0.259649588,recovery,0.013949047
1/31/2020,1/31/2020,-1.542680294,0.960699893,-0.002168262,0.821290571,-1.423717043,-0.237315027,recovery,0.035566768
2/29/2020,2/29/2020,-1.522431122,1.255459916,-0.9064776,1.03178913,-1.536990337,-0.335730002,contraction,0.008967954
3/31/2020,3/31/2020,-3,-2.909775611,-3,-2.063578261,-1.725137304,-2.539698235,contraction,-0.049649911
4/30/2020,4/30/2020,-3,-3,-3,-3,-3,-3,contraction,-0.208199531
5/31/2020,5/31/2020,-3,-3,-2.271518144,-3,-2.474443147,-2.749192258,recovery,0.0452
6/30/2020,6/30/2020,-1.723924215,-2.749748062,-1.510509247,-2.787314192,-0.510322259,-1.856363595,recovery,0.01838
7/31/2020,7/31/2020,-1.032849989,-3,-1.109783583,-2.304060696,-0.115897297,-1.512518313,recovery,0.0551
8/31/2020,8/31/2020,-0.780037175,-1.717713402,-0.611625469,-1.61922016,0.233953881,-0.898928465,recovery,0.0701
